,ffr_ave,prob_ffr_cut,US_CPI_growth,US_PCE_growth,US_GDP_growth,US_employment
2018-01-01,1.375,0.29998779296875,,,,
2018-01-02,1.375,-0.1400146484375,,,,
2018-01-03,1.375,-0.1400146484375,,,,
2018-01-04,1.375,-0.149993896484375,,,,
2018-01-05,1.375,-0.149993896484375,,,,
2018-01-06,1.375,-0.149993896484375,,,,
2018-01-07,1.375,-0.149993896484375,,,,
2018-01-08,1.375,-0.149993896484375,,,,
2018-01-09,1.375,-0.149993896484375,,,,
2018-01-10,1.375,-0.149993896484375,,,,
2018-01-11,1.375,-0.149993896484375,,,,
2018-01-12,1.375,-0.149993896484375,,,,
2018-01-13,1.375,-0.149993896484375,,,,
2018-01-14,1.375,-0.149993896484375,,,,
2018-01-15,1.375,-0.149993896484375,,,,
2018-01-16,1.375,-0.149993896484375,,,,
2018-01-17,1.375,-0.149993896484375,,,,
2018-01-18,1.375,-0.149993896484375,,,,
2018-01-19,1.375,-0.149993896484375,,,,
2018-01-20,1.375,-0.149993896484375,,,,
2018-01-21,1.375,-0.149993896484375,,,,
2018-01-22,1.375,-0.149993896484375,,,,
2018-01-23,1.375,-0.149993896484375,,,,
2018-01-24,1.375,-0.149993896484375,,,,
2018-01-25,1.375,-0.149993896484375,,,,
2018-01-26,1.375,-0.149993896484375,,,,
2018-01-27,1.375,-0.149993896484375,,,,
2018-01-28,1.375,-0.149993896484375,,,,
2018-01-29,1.375,-0.149993896484375,,,,
2018-01-30,1.375,-0.149993896484375,,,,
2018-01-31,1.375,-0.149993896484375,,,,
2018-02-01,1.375,-0.17999267578125,0.0026922876006090224,0.0025833193464348536,,0.0026207615784163973
2018-02-02,1.375,-0.170013427734375,,,,
2018-02-03,1.375,-0.170013427734375,,,,
2018-02-04,1.375,-0.170013427734375,,,,
2018-02-05,1.375,-0.170013427734375,,,,
2018-02-06,1.375,-0.170013427734375,,,,
2018-02-07,1.375,-0.170013427734375,,,,
2018-02-08,1.375,-0.170013427734375,,,,
2018-02-09,1.375,-0.170013427734375,,,,
2018-02-10,1.375,-0.170013427734375,,,,
2018-02-11,1.375,-0.170013427734375,,,,
2018-02-12,1.375,-0.170013427734375,,,,
2018-02-13,1.375,-0.170013427734375,,,,
2018-02-14,1.375,-0.17999267578125,,,,
2018-02-15,1.375,-0.170013427734375,,,,
2018-02-16,1.375,-0.170013427734375,,,,
2018-02-17,1.375,-0.170013427734375,,,,
2018-02-18,1.375,-0.170013427734375,,,,
2018-02-19,1.375,-0.170013427734375,,,,
2018-02-20,1.375,-0.170013427734375,,,,
2018-02-21,1.375,-0.170013427734375,,,,
2018-02-22,1.375,-0.170013427734375,,,,
2018-02-23,1.375,-0.17999267578125,,,,
2018-02-24,1.375,-0.17999267578125,,,,
2018-02-25,1.375,-0.17999267578125,,,,
2018-02-26,1.375,-0.170013427734375,,,,
2018-02-27,1.375,-0.170013427734375,,,,
2018-02-28,1.375,-0.170013427734375,,,,
2018-03-01,1.375,-0.470001220703125,0.000192362410782021,0.003966896431248923,,0.001526470071730568
2018-03-02,1.375,-0.470001220703125,,,,
2018-03-03,1.375,-0.470001220703125,,,,
2018-03-04,1.375,-0.470001220703125,,,,
2018-03-05,1.375,-0.480010986328125,,,,
2018-03-06,1.375,-0.480010986328125,,,,
2018-03-07,1.375,-0.480010986328125,,,,
2018-03-08,1.375,-0.480010986328125,,,,
2018-03-09,1.375,-0.489990234375,,,,
2018-03-10,1.375,-0.489990234375,,,,
2018-03-11,1.375,-0.489990234375,,,,
2018-03-12,1.375,-0.480010986328125,,,,
2018-03-13,1.375,-0.480010986328125,,,,
2018-03-14,1.375,-0.480010986328125,,,,
2018-03-15,1.375,-0.489990234375,,,,
2018-03-16,1.375,-0.5,,,,
2018-03-17,1.375,-0.5,,,,
2018-03-18,1.375,-0.5,,,,
2018-03-19,1.375,-0.5,,,,
2018-03-20,1.375,-0.5,,,,
2018-03-21,1.375,-0.510009765625,,,,
2018-03-22,1.625,0.489990234375,,,,
2018-03-23,1.625,0.489990234375,,,,
2018-03-24,1.625,0.489990234375,,,,
2018-03-25,1.625,0.489990234375,,,,
2018-03-26,1.625,0.489990234375,,,,
2018-03-27,1.625,0.489990234375,,,,
2018-03-28,1.625,0.489990234375,,,,
2018-03-29,1.625,0.489990234375,,,,
2018-03-30,1.625,0.489990234375,,,,
2018-03-31,1.625,0.489990234375,,,,
2018-04-01,1.625,0.489990234375,0.002604406656061986,0.00327697706116048,0.01241401687567234,0.0009846236849204715
2018-04-02,1.625,-0.20001220703125,,,,
2018-04-03,1.625,-0.220001220703125,,,,
2018-04-04,1.625,-0.230010986328125,,,,
2018-04-05,1.625,-0.230010986328125,,,,
2018-04-06,1.625,-0.230010986328125,,,,
2018-04-07,1.625,-0.230010986328125,,,,
2018-04-08,1.625,-0.230010986328125,,,,
2018-04-09,1.625,-0.230010986328125,,,,
2018-04-10,1.625,-0.239990234375,,,,
2018-04-11,1.625,-0.239990234375,,,,
2018-04-12,1.625,-0.239990234375,,,,
2018-04-13,1.625,-0.239990234375,,,,
2018-04-14,1.625,-0.239990234375,,,,
2018-04-15,1.625,-0.239990234375,,,,
2018-04-16,1.625,-0.239990234375,,,,
2018-04-17,1.625,-0.239990234375,,,,
2018-04-18,1.625,-0.25,,,,
2018-04-19,1.625,-0.25,,,,
2018-04-20,1.625,-0.25,,,,
2018-04-21,1.625,-0.25,,,,
2018-04-22,1.625,-0.25,,,,
2018-04-23,1.625,-0.260009765625,,,,
2018-04-24,1.625,-0.260009765625,,,,
2018-04-25,1.625,-0.260009765625,,,,
2018-04-26,1.625,-0.260009765625,,,,
2018-04-27,1.625,-0.260009765625,,,,
2018-04-28,1.625,-0.260009765625,,,,
2018-04-29,1.625,-0.260009765625,,,,
2018-04-30,1.625,-0.269989013671875,,,,
2018-05-01,1.625,-0.32000732421875,0.002257949781598212,0.0048126951092613,,0.002216592780240667
2018-05-02,1.625,-0.32000732421875,,,,
2018-05-03,1.625,-0.30999755859375,,,,
2018-05-04,1.625,-0.30999755859375,,,,
2018-05-05,1.625,-0.30999755859375,,,,
2018-05-06,1.625,-0.30999755859375,,,,
2018-05-07,1.625,-0.30999755859375,,,,
2018-05-08,1.625,-0.32000732421875,,,,
2018-05-09,1.625,-0.32000732421875,,,,
2018-05-10,1.625,-0.30999755859375,,,,
2018-05-11,1.625,-0.29998779296875,,,,
2018-05-12,1.625,-0.29998779296875,,,,
2018-05-13,1.625,-0.29998779296875,,,,
2018-05-14,1.625,-0.29998779296875,,,,
2018-05-15,1.625,-0.30999755859375,,,,
2018-05-16,1.625,-0.30999755859375,,,,
2018-05-17,1.625,-0.30999755859375,,,,
2018-05-18,1.625,-0.29998779296875,,,,
2018-05-19,1.625,-0.29998779296875,,,,
2018-05-20,1.625,-0.29998779296875,,,,
2018-05-21,1.625,-0.30999755859375,,,,
2018-05-22,1.625,-0.30999755859375,,,,
2018-05-23,1.625,-0.29998779296875,,,,
2018-05-24,1.625,-0.29998779296875,,,,
2018-05-25,1.625,-0.29998779296875,,,,
2018-05-26,1.625,-0.29998779296875,,,,
2018-05-27,1.625,-0.29998779296875,,,,
2018-05-28,1.625,-0.29998779296875,,,,
2018-05-29,1.625,-0.29998779296875,,,,
2018-05-30,1.625,-0.29998779296875,,,,
2018-05-31,1.625,-0.29998779296875,,,,
2018-06-01,1.625,-0.790008544921875,0.0009011451720948305,0.0018266810499820707,,0.0014318846425329657
2018-06-02,1.625,-0.790008544921875,,,,
2018-06-03,1.625,-0.790008544921875,,,,
2018-06-04,1.625,-0.80999755859375,,,,
2018-06-05,1.625,-0.79998779296875,,,,
2018-06-06,1.625,-0.790008544921875,,,,
2018-06-07,1.625,-0.790008544921875,,,,
2018-06-08,1.625,-0.779998779296875,,,,
2018-06-09,1.625,-0.779998779296875,,,,
2018-06-10,1.625,-0.779998779296875,,,,
2018-06-11,1.625,-0.790008544921875,,,,
2018-06-12,1.625,-0.790008544921875,,,,
2018-06-13,1.625,-0.779998779296875,,,,
2018-06-14,1.875,0.220001220703125,,,,
2018-06-15,1.875,0.230010986328125,,,,
2018-06-16,1.875,0.230010986328125,,,,
2018-06-17,1.875,0.230010986328125,,,,
2018-06-18,1.875,0.230010986328125,,,,
2018-06-19,1.875,0.230010986328125,,,,
2018-06-20,1.875,0.209991455078125,,,,
2018-06-21,1.875,0.20001220703125,,,,
2018-06-22,1.875,0.20001220703125,,,,
2018-06-23,1.875,0.20001220703125,,,,
2018-06-24,1.875,0.20001220703125,,,,
2018-06-25,1.875,0.209991455078125,,,,
2018-06-26,1.875,0.209991455078125,,,,
2018-06-27,1.875,0.209991455078125,,,,
2018-06-28,1.875,0.209991455078125,,,,
2018-06-29,1.875,0.220001220703125,,,,
2018-06-30,1.875,0.220001220703125,,,,
2018-07-01,1.875,0.220001220703125,0.0007808204989283585,0.0031872738758398356,0.010583496008340187,0.00036920680951624263
2018-07-02,1.875,-0.17999267578125,,,,
2018-07-03,1.875,-0.170013427734375,,,,
2018-07-04,1.875,-0.170013427734375,,,,
2018-07-05,1.875,-0.170013427734375,,,,
2018-07-06,1.875,-0.160003662109375,,,,
2018-07-07,1.875,-0.160003662109375,,,,
2018-07-08,1.875,-0.160003662109375,,,,
2018-07-09,1.875,-0.1400146484375,,,,
2018-07-10,1.875,-0.149993896484375,,,,
2018-07-11,1.875,-0.149993896484375,,,,
2018-07-12,1.875,-0.149993896484375,,,,
2018-07-13,1.875,-0.1400146484375,,,,
2018-07-14,1.875,-0.1400146484375,,,,
2018-07-15,1.875,-0.1400146484375,,,,
2018-07-16,1.875,-0.160003662109375,,,,
2018-07-17,1.875,-0.160003662109375,,,,
2018-07-18,1.875,-0.160003662109375,,,,
2018-07-19,1.875,-0.160003662109375,,,,
2018-07-20,1.875,-0.1400146484375,,,,
2018-07-21,1.875,-0.1400146484375,,,,
2018-07-22,1.875,-0.1400146484375,,,,
2018-07-23,1.875,-0.149993896484375,,,,
2018-07-24,1.875,-0.149993896484375,,,,
2018-07-25,1.875,-0.149993896484375,,,,
2018-07-26,1.875,-0.149993896484375,,,,
2018-07-27,1.875,-0.149993896484375,,,,
2018-07-28,1.875,-0.149993896484375,,,,
2018-07-29,1.875,-0.149993896484375,,,,
2018-07-30,1.875,-0.149993896484375,,,,
2018-07-31,1.875,-0.149993896484375,,,,
2018-08-01,1.875,-0.170013427734375,0.0017873207703393845,0.0028050490883591017,,0.0016843037651905757
2018-08-02,1.875,-0.160003662109375,,,,
2018-08-03,1.875,-0.160003662109375,,,,
2018-08-04,1.875,-0.160003662109375,,,,
2018-08-05,1.875,-0.160003662109375,,,,
2018-08-06,1.875,-0.149993896484375,,,,
2018-08-07,1.875,-0.149993896484375,,,,
2018-08-08,1.875,-0.149993896484375,,,,
2018-08-09,1.875,-0.149993896484375,,,,
2018-08-10,1.875,-0.149993896484375,,,,
2018-08-11,1.875,-0.149993896484375,,,,
2018-08-12,1.875,-0.149993896484375,,,,
2018-08-13,1.875,-0.149993896484375,,,,
2018-08-14,1.875,-0.149993896484375,,,,
2018-08-15,1.875,-0.149993896484375,,,,
2018-08-16,1.875,-0.160003662109375,,,,
2018-08-17,1.875,-0.160003662109375,,,,
2018-08-18,1.875,-0.160003662109375,,,,
2018-08-19,1.875,-0.160003662109375,,,,
2018-08-20,1.875,-0.160003662109375,,,,
2018-08-21,1.875,-0.160003662109375,,,,
2018-08-22,1.875,-0.160003662109375,,,,
2018-08-23,1.875,-0.160003662109375,,,,
2018-08-24,1.875,-0.170013427734375,,,,
2018-08-25,1.875,-0.170013427734375,,,,
2018-08-26,1.875,-0.170013427734375,,,,
2018-08-27,1.875,-0.170013427734375,,,,
2018-08-28,1.875,-0.170013427734375,,,,
2018-08-29,1.875,-0.170013427734375,,,,
2018-08-30,1.875,-0.160003662109375,,,,
2018-08-31,1.875,-0.160003662109375,,,,
2018-09-01,1.875,-0.160003662109375,0.002062281702117419,0.0002711574140144002,,0.0005828208529281564
2018-09-02,1.875,-0.160003662109375,,,,
2018-09-03,1.875,-0.160003662109375,,,,
2018-09-04,1.875,-0.290008544921875,,,,
2018-09-05,1.875,-0.30999755859375,,,,
2018-09-06,1.875,-0.30999755859375,,,,
2018-09-07,1.875,-0.29998779296875,,,,
2018-09-08,1.875,-0.29998779296875,,,,
2018-09-09,1.875,-0.29998779296875,,,,
2018-09-10,1.875,-0.29998779296875,,,,
2018-09-11,1.875,-0.29998779296875,,,,
2018-09-12,1.875,-0.30999755859375,,,,
2018-09-13,1.875,-0.30999755859375,,,,
2018-09-14,1.875,-0.30999755859375,,,,
2018-09-15,1.875,-0.30999755859375,,,,
2018-09-16,1.875,-0.30999755859375,,,,
2018-09-17,1.875,-0.30999755859375,,,,
2018-09-18,1.875,-0.32000732421875,,,,
2018-09-19,1.875,-0.32000732421875,,,,
2018-09-20,1.875,-0.30999755859375,,,,
2018-09-21,1.875,-0.30999755859375,,,,
2018-09-22,1.875,-0.30999755859375,,,,
2018-09-23,1.875,-0.30999755859375,,,,
2018-09-24,1.875,-0.30999755859375,,,,
2018-09-25,1.875,-0.32000732421875,,,,
2018-09-26,1.875,-0.32000732421875,,,,
2018-09-27,2.125,0.670013427734375,,,,
2018-09-28,2.125,0.67999267578125,,,,
2018-09-29,2.125,0.67999267578125,,,,
2018-09-30,2.125,0.67999267578125,,,,
2018-10-01,2.125,-0.230010986328125,0.002339580144498754,0.004658362938549709,0.005728090128579888,0.0010980108595952665
2018-10-02,2.125,-0.25,,,,
2018-10-03,2.125,-0.239990234375,,,,
2018-10-04,2.125,-0.239990234375,,,,
2018-10-05,2.125,-0.25,,,,
2018-10-06,2.125,-0.25,,,,
2018-10-07,2.125,-0.25,,,,
2018-10-08,2.125,-0.239990234375,,,,
2018-10-09,2.125,-0.239990234375,,,,
2018-10-10,2.125,-0.239990234375,,,,
2018-10-11,2.125,-0.239990234375,,,,
2018-10-12,2.125,-0.239990234375,,,,
2018-10-13,2.125,-0.239990234375,,,,
2018-10-14,2.125,-0.239990234375,,,,
2018-10-15,2.125,-0.239990234375,,,,
2018-10-16,2.125,-0.230010986328125,,,,
2018-10-17,2.125,-0.239990234375,,,,
2018-10-18,2.125,-0.25,,,,
2018-10-19,2.125,-0.25,,,,
2018-10-20,2.125,-0.25,,,,
2018-10-21,2.125,-0.25,,,,
2018-10-22,2.125,-0.25,,,,
2018-10-23,2.125,-0.239990234375,,,,
2018-10-24,2.125,-0.260009765625,,,,
2018-10-25,2.125,-0.260009765625,,,,
2018-10-26,2.125,-0.260009765625,,,,
2018-10-27,2.125,-0.260009765625,,,,
2018-10-28,2.125,-0.260009765625,,,,
2018-10-29,2.125,-0.260009765625,,,,
2018-10-30,2.125,-0.260009765625,,,,
2018-10-31,2.125,-0.25,,,,
2018-11-01,2.125,-0.30999755859375,-0.0007041919199911595,0.005666366069970286,,0.0006487209496739421
2018-11-02,2.125,-0.30999755859375,,,,
2018-11-03,2.125,-0.30999755859375,,,,
2018-11-04,2.125,-0.30999755859375,,,,
2018-11-05,2.125,-0.29998779296875,,,,
2018-11-06,2.125,-0.30999755859375,,,,
2018-11-07,2.125,-0.30999755859375,,,,
2018-11-08,2.125,-0.32000732421875,,,,
2018-11-09,2.125,-0.32000732421875,,,,
2018-11-10,2.125,-0.32000732421875,,,,
2018-11-11,2.125,-0.32000732421875,,,,
2018-11-12,2.125,-0.32000732421875,,,,
2018-11-13,2.125,-0.29998779296875,,,,
2018-11-14,2.125,-0.29998779296875,,,,
2018-11-15,2.125,-0.29998779296875,,,,
2018-11-16,2.125,-0.29998779296875,,,,
2018-11-17,2.125,-0.29998779296875,,,,
2018-11-18,2.125,-0.29998779296875,,,,
2018-11-19,2.125,-0.279998779296875,,,,
2018-11-20,2.125,-0.29998779296875,,,,
2018-11-21,2.125,-0.29998779296875,,,,
2018-11-22,2.125,-0.29998779296875,,,,
2018-11-23,2.125,-0.29998779296875,,,,
2018-11-24,2.125,-0.29998779296875,,,,
2018-11-25,2.125,-0.29998779296875,,,,
2018-11-26,2.125,-0.29998779296875,,,,
2018-11-27,2.125,-0.29998779296875,,,,
2018-11-28,2.125,-0.29998779296875,,,,
2018-11-29,2.125,-0.29998779296875,,,,
2018-11-30,2.125,-0.290008544921875,,,,
2018-12-01,2.125,-0.290008544921875,0.0006848935445813442,-0.007858560040669538,,0.001216398657951423
2018-12-02,2.125,-0.290008544921875,,,,
2018-12-03,2.125,-0.6099853515625,,,,
2018-12-04,2.125,-0.600006103515625,,,,
2018-12-05,2.125,-0.600006103515625,,,,
2018-12-06,2.125,-0.589996337890625,,,,
2018-12-07,2.125,-0.579986572265625,,,,
2018-12-08,2.125,-0.579986572265625,,,,
2018-12-09,2.125,-0.579986572265625,,,,
2018-12-10,2.125,-0.57000732421875,,,,
2018-12-11,2.125,-0.579986572265625,,,,
2018-12-12,2.125,-0.589996337890625,,,,
2018-12-13,2.125,-0.579986572265625,,,,
2018-12-14,2.125,-0.579986572265625,,,,
2018-12-15,2.125,-0.579986572265625,,,,
2018-12-16,2.125,-0.579986572265625,,,,
2018-12-17,2.125,-0.55999755859375,,,,
2018-12-18,2.125,-0.55999755859375,,,,
2018-12-19,2.125,-0.6099853515625,,,,
2018-12-20,2.375,0.3900146484375,,,,
2018-12-21,2.375,0.3900146484375,,,,
2018-12-22,2.375,0.3900146484375,,,,
2018-12-23,2.375,0.3900146484375,,,,
2018-12-24,2.375,0.3900146484375,,,,
2018-12-25,2.375,0.3900146484375,,,,
2018-12-26,2.375,0.3900146484375,,,,
2018-12-27,2.375,0.3900146484375,,,,
2018-12-28,2.375,0.399993896484375,,,,
2018-12-29,2.375,0.399993896484375,,,,
2018-12-30,2.375,0.399993896484375,,,,
2018-12-31,2.375,0.399993896484375,,,,
2019-01-01,2.375,0.399993896484375,-0.0008149798035343991,0.0026189188419822873,0.00890463640484973,0.0017222504071987554
2019-01-02,2.375,-0.100006103515625,,,,
2019-01-03,2.375,-0.100006103515625,,,,
2019-01-04,2.375,-0.100006103515625,,,,
2019-01-05,2.375,-0.100006103515625,,,,
2019-01-06,2.375,-0.100006103515625,,,,
2019-01-07,2.375,-0.1099853515625,,,,
2019-01-08,2.375,-0.100006103515625,,,,
2019-01-09,2.375,-0.1099853515625,,,,
2019-01-10,2.375,-0.1099853515625,,,,
2019-01-11,2.375,-0.1099853515625,,,,
2019-01-12,2.375,-0.1099853515625,,,,
2019-01-13,2.375,-0.1099853515625,,,,
2019-01-14,2.375,-0.100006103515625,,,,
2019-01-15,2.375,-0.1099853515625,,,,
2019-01-16,2.375,-0.1099853515625,,,,
2019-01-17,2.375,-0.1099853515625,,,,
2019-01-18,2.375,-0.1099853515625,,,,
2019-01-19,2.375,-0.1099853515625,,,,
2019-01-20,2.375,-0.1099853515625,,,,
2019-01-21,2.375,-0.1099853515625,,,,
2019-01-22,2.375,-0.1099853515625,,,,
2019-01-23,2.375,-0.1099853515625,,,,
2019-01-24,2.375,-0.1099853515625,,,,
2019-01-25,2.375,-0.1099853515625,,,,
2019-01-26,2.375,-0.1099853515625,,,,
2019-01-27,2.375,-0.1099853515625,,,,
2019-01-28,2.375,-0.1099853515625,,,,
2019-01-29,2.375,-0.1099853515625,,,,
2019-01-30,2.375,-0.1099853515625,,,,
2019-01-31,2.375,-0.100006103515625,,,,
2019-02-01,2.375,-0.100006103515625,0.003001255142321968,0.0019235683257148306,,3.3319561248079665e-05
2019-02-02,2.375,-0.100006103515625,,,,
2019-02-03,2.375,-0.100006103515625,,,,
2019-02-04,2.375,-0.100006103515625,,,,
2019-02-05,2.375,-0.100006103515625,,,,
2019-02-06,2.375,-0.1099853515625,,,,
2019-02-07,2.375,-0.100006103515625,,,,
2019-02-08,2.375,-0.089996337890625,,,,
2019-02-09,2.375,-0.089996337890625,,,,
2019-02-10,2.375,-0.089996337890625,,,,
2019-02-11,2.375,-0.100006103515625,,,,
2019-02-12,2.375,-0.100006103515625,,,,
2019-02-13,2.375,-0.100006103515625,,,,
2019-02-14,2.375,-0.100006103515625,,,,
2019-02-15,2.375,-0.089996337890625,,,,
2019-02-16,2.375,-0.089996337890625,,,,
2019-02-17,2.375,-0.089996337890625,,,,
2019-02-18,2.375,-0.089996337890625,,,,
2019-02-19,2.375,-0.100006103515625,,,,
2019-02-20,2.375,-0.100006103515625,,,,
2019-02-21,2.375,-0.1099853515625,,,,
2019-02-22,2.375,-0.100006103515625,,,,
2019-02-23,2.375,-0.100006103515625,,,,
2019-02-24,2.375,-0.100006103515625,,,,
2019-02-25,2.375,-0.100006103515625,,,,
2019-02-26,2.375,-0.1099853515625,,,,
2019-02-27,2.375,-0.1099853515625,,,,
2019-02-28,2.375,-0.1099853515625,,,,
2019-03-01,2.375,-0.1099853515625,0.0037817929172307974,0.008827175799652975,,0.0015126576795698732
2019-03-02,2.375,-0.1099853515625,,,,
2019-03-03,2.375,-0.1099853515625,,,,
2019-03-04,2.375,-0.1199951171875,,,,
2019-03-05,2.375,-0.1099853515625,,,,
2019-03-06,2.375,-0.1099853515625,,,,
2019-03-07,2.375,-0.1099853515625,,,,
2019-03-08,2.375,-0.1099853515625,,,,
2019-03-09,2.375,-0.1099853515625,,,,
2019-03-10,2.375,-0.1099853515625,,,,
2019-03-11,2.375,-0.1099853515625,,,,
2019-03-12,2.375,-0.100006103515625,,,,
2019-03-13,2.375,-0.100006103515625,,,,
2019-03-14,2.375,-0.100006103515625,,,,
2019-03-15,2.375,-0.1099853515625,,,,
2019-03-16,2.375,-0.1099853515625,,,,
2019-03-17,2.375,-0.1099853515625,,,,
2019-03-18,2.375,-0.1099853515625,,,,
2019-03-19,2.375,-0.100006103515625,,,,
2019-03-20,2.375,-0.1199951171875,,,,
2019-03-21,2.375,-0.1199951171875,,,,
2019-03-22,2.375,-0.1199951171875,,,,
2019-03-23,2.375,-0.1199951171875,,,,
2019-03-24,2.375,-0.1199951171875,,,,
2019-03-25,2.375,-0.1199951171875,,,,
2019-03-26,2.375,-0.1199951171875,,,,
2019-03-27,2.375,-0.1199951171875,,,,
2019-03-28,2.375,-0.1199951171875,,,,
2019-03-29,2.375,-0.1199951171875,,,,
2019-03-30,2.375,-0.1199951171875,,,,
2019-03-31,2.375,-0.1199951171875,,,,
2019-04-01,2.375,-0.1300048828125,0.0037596794047436433,0.0026825654314224234,0.013297963958055048,0.002049316672654955
2019-04-02,2.375,-0.1300048828125,,,,
2019-04-03,2.375,-0.1400146484375,,,,
2019-04-04,2.375,-0.1400146484375,,,,
2019-04-05,2.375,-0.1400146484375,,,,
2019-04-06,2.375,-0.1400146484375,,,,
2019-04-07,2.375,-0.1400146484375,,,,
2019-04-08,2.375,-0.1300048828125,,,,
2019-04-09,2.375,-0.1300048828125,,,,
2019-04-10,2.375,-0.1400146484375,,,,
2019-04-11,2.375,-0.1400146484375,,,,
2019-04-12,2.375,-0.1400146484375,,,,
2019-04-13,2.375,-0.1400146484375,,,,
2019-04-14,2.375,-0.1400146484375,,,,
2019-04-15,2.375,-0.1400146484375,,,,
2019-04-16,2.375,-0.1400146484375,,,,
2019-04-17,2.375,-0.160003662109375,,,,
2019-04-18,2.375,-0.160003662109375,,,,
2019-04-19,2.375,-0.160003662109375,,,,
2019-04-20,2.375,-0.160003662109375,,,,
2019-04-21,2.375,-0.160003662109375,,,,
2019-04-22,2.375,-0.19000244140625,,,,
2019-04-23,2.375,-0.19000244140625,,,,
2019-04-24,2.375,-0.19000244140625,,,,
2019-04-25,2.375,-0.20001220703125,,,,
2019-04-26,2.375,-0.20001220703125,,,,
2019-04-27,2.375,-0.20001220703125,,,,
2019-04-28,2.375,-0.20001220703125,,,,
2019-04-29,2.375,-0.20001220703125,,,,
2019-04-30,2.375,-0.20001220703125,,,,
2019-05-01,2.375,-0.089996337890625,0.0002468332856644384,0.004377271804066218,,0.00025232068631231286
2019-05-02,2.375,-0.1199951171875,,,,
2019-05-03,2.375,-0.100006103515625,,,,
2019-05-04,2.375,-0.100006103515625,,,,
2019-05-05,2.375,-0.100006103515625,,,,
2019-05-06,2.375,-0.079986572265625,,,,
2019-05-07,2.375,-0.079986572265625,,,,
2019-05-08,2.375,-0.079986572265625,,,,
2019-05-09,2.375,-0.04998779296875,,,,
2019-05-10,2.375,-0.029998779296875,,,,
2019-05-11,2.375,-0.029998779296875,,,,
2019-05-12,2.375,-0.029998779296875,,,,
2019-05-13,2.375,-0.029998779296875,,,,
2019-05-14,2.375,-0.029998779296875,,,,
2019-05-15,2.375,-0.05999755859375,,,,
2019-05-16,2.375,-0.07000732421875,,,,
2019-05-17,2.375,-0.05999755859375,,,,
2019-05-18,2.375,-0.05999755859375,,,,
2019-05-19,2.375,-0.05999755859375,,,,
2019-05-20,2.375,-0.05999755859375,,,,
2019-05-21,2.375,-0.07000732421875,,,,
2019-05-22,2.375,-0.07000732421875,,,,
2019-05-23,2.375,-0.05999755859375,,,,
2019-05-24,2.375,-0.05999755859375,,,,
2019-05-25,2.375,-0.05999755859375,,,,
2019-05-26,2.375,-0.05999755859375,,,,
2019-05-27,2.375,-0.05999755859375,,,,
2019-05-28,2.375,-0.04998779296875,,,,
2019-05-29,2.375,-0.07000732421875,,,,
2019-05-30,2.375,-0.07000732421875,,,,
2019-05-31,2.375,-0.05999755859375,,,,
2019-06-01,2.375,-0.05999755859375,-0.0003251128102280676,0.003514448287403882,,0.0013542219861921723
2019-06-02,2.375,-0.05999755859375,,,,
2019-06-03,2.375,0.019989013671875,,,,
2019-06-04,2.375,0.040008544921875,,,,
2019-06-05,2.375,0.029998779296875,,,,
2019-06-06,2.375,0.019989013671875,,,,
2019-06-07,2.375,0.07000732421875,,,,
2019-06-08,2.375,0.07000732421875,,,,
2019-06-09,2.375,0.07000732421875,,,,
2019-06-10,2.375,0.04998779296875,,,,
2019-06-11,2.375,0.040008544921875,,,,
2019-06-12,2.375,0.040008544921875,,,,
2019-06-13,2.375,0.07000732421875,,,,
2019-06-14,2.375,0.05999755859375,,,,
2019-06-15,2.375,0.05999755859375,,,,
2019-06-16,2.375,0.05999755859375,,,,
2019-06-17,2.375,0.05999755859375,,,,
2019-06-18,2.375,0.07000732421875,,,,
2019-06-19,2.375,0.010009765625,,,,
2019-06-20,2.375,0.0,,,,
2019-06-21,2.375,-0.010009765625,,,,
2019-06-22,2.375,-0.010009765625,,,,
2019-06-23,2.375,-0.010009765625,,,,
2019-06-24,2.375,-0.019989013671875,,,,
2019-06-25,2.375,-0.029998779296875,,,,
2019-06-26,2.375,-0.029998779296875,,,,
2019-06-27,2.375,-0.019989013671875,,,,
2019-06-28,2.375,-0.010009765625,,,,
2019-06-29,2.375,-0.010009765625,,,,
2019-06-30,2.375,-0.010009765625,,,,
2019-07-01,2.375,0.019989013671875,0.0023078761661827762,0.005600644838512414,0.014473240892176609,0.0005966428893426912
2019-07-02,2.375,-0.010009765625,,,,
2019-07-03,2.375,-0.029998779296875,,,,
2019-07-04,2.375,-0.029998779296875,,,,
2019-07-05,2.375,-0.05999755859375,,,,
2019-07-06,2.375,-0.05999755859375,,,,
2019-07-07,2.375,-0.05999755859375,,,,
2019-07-08,2.375,-0.04998779296875,,,,
2019-07-09,2.375,-0.079986572265625,,,,
2019-07-10,2.375,-0.07000732421875,,,,
2019-07-11,2.375,-0.079986572265625,,,,
2019-07-12,2.375,-0.07000732421875,,,,
2019-07-13,2.375,-0.07000732421875,,,,
2019-07-14,2.375,-0.07000732421875,,,,
2019-07-15,2.375,-0.07000732421875,,,,
2019-07-16,2.375,-0.089996337890625,,,,
2019-07-17,2.375,-0.100006103515625,,,,
2019-07-18,2.375,-0.1099853515625,,,,
2019-07-19,2.375,-0.100006103515625,,,,
2019-07-20,2.375,-0.100006103515625,,,,
2019-07-21,2.375,-0.100006103515625,,,,
2019-07-22,2.375,-0.100006103515625,,,,
2019-07-23,2.375,-0.1099853515625,,,,
2019-07-24,2.375,-0.1099853515625,,,,
2019-07-25,2.375,-0.1099853515625,,,,
2019-07-26,2.375,-0.1099853515625,,,,
2019-07-27,2.375,-0.1099853515625,,,,
2019-07-28,2.375,-0.1099853515625,,,,
2019-07-29,2.375,-0.1199951171875,,,,
2019-07-30,2.375,-0.1199951171875,,,,
2019-07-31,2.375,-0.1199951171875,,,,
2019-08-01,2.125,-0.1099853515625,0.0009147700174354512,0.0037244848602109304,,0.0014642161474551774
2019-08-02,2.125,-0.100006103515625,,,,
2019-08-03,2.125,-0.100006103515625,,,,
2019-08-04,2.125,-0.100006103515625,,,,
2019-08-05,2.125,0.0,,,,
2019-08-06,2.125,-0.040008544921875,,,,
2019-08-07,2.125,-0.010009765625,,,,
2019-08-08,2.125,-0.010009765625,,,,
2019-08-09,2.125,-0.019989013671875,,,,
2019-08-10,2.125,-0.019989013671875,,,,
2019-08-11,2.125,-0.019989013671875,,,,
2019-08-12,2.125,-0.019989013671875,,,,
2019-08-13,2.125,-0.029998779296875,,,,
2019-08-14,2.125,0.0,,,,
2019-08-15,2.125,0.029998779296875,,,,
2019-08-16,2.125,-0.010009765625,,,,
2019-08-17,2.125,-0.010009765625,,,,
2019-08-18,2.125,-0.010009765625,,,,
2019-08-19,2.125,-0.029998779296875,,,,
2019-08-20,2.125,-0.019989013671875,,,,
2019-08-21,2.125,-0.019989013671875,,,,
2019-08-22,2.125,-0.010009765625,,,,
2019-08-23,2.125,-0.010009765625,,,,
2019-08-24,2.125,-0.010009765625,,,,
2019-08-25,2.125,-0.010009765625,,,,
2019-08-26,2.125,-0.010009765625,,,,
2019-08-27,2.125,-0.010009765625,,,,
2019-08-28,2.125,-0.010009765625,,,,
2019-08-29,2.125,-0.010009765625,,,,
2019-08-30,2.125,-0.010009765625,,,,
2019-08-31,2.125,-0.010009765625,,,,
2019-09-01,2.125,-0.010009765625,0.0015388460997671771,0.0020584205924671917,,0.0013429922926797566
2019-09-02,2.125,-0.010009765625,,,,
2019-09-03,2.125,0.44000244140625,,,,
2019-09-04,2.125,0.470001220703125,,,,
2019-09-05,2.125,0.399993896484375,,,,
2019-09-06,2.125,0.3800048828125,,,,
2019-09-07,2.125,0.3800048828125,,,,
2019-09-08,2.125,0.3800048828125,,,,
2019-09-09,2.125,0.399993896484375,,,,
2019-09-10,2.125,0.3900146484375,,,,
2019-09-11,2.125,0.3699951171875,,,,
2019-09-12,2.125,0.3699951171875,,,,
2019-09-13,2.125,0.329986572265625,,,,
2019-09-14,2.125,0.329986572265625,,,,
2019-09-15,2.125,0.329986572265625,,,,
2019-09-16,2.125,0.260009765625,,,,
2019-09-17,2.125,0.20001220703125,,,,
2019-09-18,2.125,0.25,,,,
2019-09-19,1.875,-0.720001220703125,,,,
2019-09-20,1.875,-0.67999267578125,,,,
2019-09-21,1.875,-0.67999267578125,,,,
2019-09-22,1.875,-0.67999267578125,,,,
2019-09-23,1.875,-0.70001220703125,,,,
2019-09-24,1.875,-0.720001220703125,,,,
2019-09-25,1.875,-0.720001220703125,,,,
2019-09-26,1.875,-0.709991455078125,,,,
2019-09-27,1.875,-0.670013427734375,,,,
2019-09-28,1.875,-0.670013427734375,,,,
2019-09-29,1.875,-0.670013427734375,,,,
2019-09-30,1.875,-0.670013427734375,,,,
2019-10-01,1.875,0.100006103515625,0.0028272822992627678,0.001951139080491382,0.009592758128616596,0.0006606852627544235
2019-10-02,1.875,0.079986572265625,,,,
2019-10-03,1.875,0.1099853515625,,,,
2019-10-04,1.875,0.149993896484375,,,,
2019-10-05,1.875,0.149993896484375,,,,
2019-10-06,1.875,0.149993896484375,,,,
2019-10-07,1.875,0.160003662109375,,,,
2019-10-08,1.875,0.160003662109375,,,,
2019-10-09,1.875,0.170013427734375,,,,
2019-10-10,1.875,0.170013427734375,,,,
2019-10-11,1.875,0.209991455078125,,,,
2019-10-12,1.875,0.209991455078125,,,,
2019-10-13,1.875,0.209991455078125,,,,
2019-10-14,1.875,0.20001220703125,,,,
2019-10-15,1.875,0.170013427734375,,,,
2019-10-16,1.875,0.160003662109375,,,,
2019-10-17,1.875,0.149993896484375,,,,
2019-10-18,1.875,0.170013427734375,,,,
2019-10-19,1.875,0.170013427734375,,,,
2019-10-20,1.875,0.170013427734375,,,,
2019-10-21,1.875,0.160003662109375,,,,
2019-10-22,1.875,0.1400146484375,,,,
2019-10-23,1.875,0.1400146484375,,,,
2019-10-24,1.875,0.149993896484375,,,,
2019-10-25,1.875,0.160003662109375,,,,
2019-10-26,1.875,0.160003662109375,,,,
2019-10-27,1.875,0.160003662109375,,,,
2019-10-28,1.875,0.160003662109375,,,,
2019-10-29,1.875,0.170013427734375,,,,
2019-10-30,1.875,0.17999267578125,,,,
2019-10-31,1.625,-0.829986572265625,,,,
2019-11-01,1.625,0.160003662109375,0.00281542260504386,0.006486560614372028,,0.0013733180155555136
2019-11-02,1.625,0.160003662109375,,,,
2019-11-03,1.625,0.160003662109375,,,,
2019-11-04,1.625,0.17999267578125,,,,
2019-11-05,1.625,0.19000244140625,,,,
2019-11-06,1.625,0.20001220703125,,,,
2019-11-07,1.625,0.209991455078125,,,,
2019-11-08,1.625,0.230010986328125,,,,
2019-11-09,1.625,0.230010986328125,,,,
2019-11-10,1.625,0.230010986328125,,,,
2019-11-11,1.625,0.230010986328125,,,,
2019-11-12,1.625,0.230010986328125,,,,
2019-11-13,1.625,0.239990234375,,,,
2019-11-14,1.625,0.25,,,,
2019-11-15,1.625,0.260009765625,,,,
2019-11-16,1.625,0.260009765625,,,,
2019-11-17,1.625,0.260009765625,,,,
2019-11-18,1.625,0.260009765625,,,,
2019-11-19,1.625,0.260009765625,,,,
2019-11-20,1.625,0.269989013671875,,,,
2019-11-21,1.625,0.269989013671875,,,,
2019-11-22,1.625,0.269989013671875,,,,
2019-11-23,1.625,0.269989013671875,,,,
2019-11-24,1.625,0.269989013671875,,,,
2019-11-25,1.625,0.279998779296875,,,,
2019-11-26,1.625,0.279998779296875,,,,
2019-11-27,1.625,0.279998779296875,,,,
2019-11-28,1.625,0.279998779296875,,,,
2019-11-29,1.625,0.279998779296875,,,,
2019-11-30,1.625,0.279998779296875,,,,
2019-12-01,1.625,0.279998779296875,0.0029122185210892493,0.004271524532312165,,0.0008307728825180938
2019-12-02,1.625,0.230010986328125,,,,
2019-12-03,1.625,0.25,,,,
2019-12-04,1.625,0.260009765625,,,,
2019-12-05,1.625,0.279998779296875,,,,
2019-12-06,1.625,0.269989013671875,,,,
2019-12-07,1.625,0.269989013671875,,,,
2019-12-08,1.625,0.269989013671875,,,,
2019-12-09,1.625,0.269989013671875,,,,
2019-12-10,1.625,0.260009765625,,,,
2019-12-11,1.625,0.260009765625,,,,
2019-12-12,1.625,0.269989013671875,,,,
2019-12-13,1.625,0.290008544921875,,,,
2019-12-14,1.625,0.290008544921875,,,,
2019-12-15,1.625,0.290008544921875,,,,
2019-12-16,1.625,0.279998779296875,,,,
2019-12-17,1.625,0.279998779296875,,,,
2019-12-18,1.625,0.269989013671875,,,,
2019-12-19,1.625,0.269989013671875,,,,
2019-12-20,1.625,0.290008544921875,,,,
2019-12-21,1.625,0.290008544921875,,,,
2019-12-22,1.625,0.290008544921875,,,,
2019-12-23,1.625,0.279998779296875,,,,
2019-12-24,1.625,0.290008544921875,,,,
2019-12-25,1.625,0.290008544921875,,,,
2019-12-26,1.625,0.279998779296875,,,,
2019-12-27,1.625,0.279998779296875,,,,
2019-12-28,1.625,0.279998779296875,,,,
2019-12-29,1.625,0.279998779296875,,,,
2019-12-30,1.625,0.290008544921875,,,,
2019-12-31,1.625,0.290008544921875,,,,
2020-01-01,1.625,0.290008544921875,0.0010671615821831182,0.005047044697550573,-0.008943179260345602,0.001666754506166379
2020-01-02,1.625,0.29998779296875,,,,
2020-01-03,1.625,0.290008544921875,,,,
2020-01-04,1.625,0.290008544921875,,,,
2020-01-05,1.625,0.290008544921875,,,,
2020-01-06,1.625,0.290008544921875,,,,
2020-01-07,1.625,0.290008544921875,,,,
2020-01-08,1.625,0.290008544921875,,,,
2020-01-09,1.625,0.29998779296875,,,,
2020-01-10,1.625,0.290008544921875,,,,
2020-01-11,1.625,0.290008544921875,,,,
2020-01-12,1.625,0.290008544921875,,,,
2020-01-13,1.625,0.29998779296875,,,,
2020-01-14,1.625,0.29998779296875,,,,
2020-01-15,1.625,0.30999755859375,,,,
2020-01-16,1.625,0.30999755859375,,,,
2020-01-17,1.625,0.30999755859375,,,,
2020-01-18,1.625,0.30999755859375,,,,
2020-01-19,1.625,0.30999755859375,,,,
2020-01-20,1.625,0.30999755859375,,,,
2020-01-21,1.625,0.32000732421875,,,,
2020-01-22,1.625,0.29998779296875,,,,
2020-01-23,1.625,0.29998779296875,,,,
2020-01-24,1.625,0.29998779296875,,,,
2020-01-25,1.625,0.29998779296875,,,,
2020-01-26,1.625,0.29998779296875,,,,
2020-01-27,1.625,0.29998779296875,,,,
2020-01-28,1.625,0.29998779296875,,,,
2020-01-29,1.625,0.290008544921875,,,,
2020-01-30,1.625,0.29998779296875,,,,
2020-01-31,1.625,0.29998779296875,,,,
2020-02-01,1.625,0.29998779296875,0.0013132179246519993,-0.00033747983557985695,,0.0017363280607713971
2020-02-02,1.625,0.29998779296875,,,,
2020-02-03,1.625,0.149993896484375,,,,
2020-02-04,1.625,0.1400146484375,,,,
2020-02-05,1.625,0.1300048828125,,,,
2020-02-06,1.625,0.1400146484375,,,,
2020-02-07,1.625,0.149993896484375,,,,
2020-02-08,1.625,0.149993896484375,,,,
2020-02-09,1.625,0.149993896484375,,,,
2020-02-10,1.625,0.160003662109375,,,,
2020-02-11,1.625,0.160003662109375,,,,
2020-02-12,1.625,0.170013427734375,,,,
2020-02-13,1.625,0.160003662109375,,,,
2020-02-14,1.625,0.170013427734375,,,,
2020-02-15,1.625,0.170013427734375,,,,
2020-02-16,1.625,0.170013427734375,,,,
2020-02-17,1.625,0.170013427734375,,,,
2020-02-18,1.625,0.170013427734375,,,,
2020-02-19,1.625,0.170013427734375,,,,
2020-02-20,1.625,0.160003662109375,,,,
2020-02-21,1.625,0.170013427734375,,,,
2020-02-22,1.625,0.170013427734375,,,,
2020-02-23,1.625,0.170013427734375,,,,
2020-02-24,1.625,0.170013427734375,,,,
2020-02-25,1.625,0.170013427734375,,,,
2020-02-26,1.625,0.160003662109375,,,,
2020-02-27,1.625,0.160003662109375,,,,
2020-02-28,1.625,0.160003662109375,,,,
2020-02-29,1.625,0.160003662109375,,,,
2020-03-01,1.625,0.160003662109375,-0.004227644785261941,-0.06871383526774566,,-0.009264061874216245
2020-03-02,1.625,1.3599853515625,,,,
2020-03-03,1.625,2.44000244140625,,,,
2020-03-04,1.125,0.3900146484375,,,,
2020-03-05,1.125,0.6400146484375,,,,
2020-03-06,1.125,0.989990234375,,,,
2020-03-07,1.125,0.989990234375,,,,
2020-03-08,1.125,0.989990234375,,,,
2020-03-09,1.125,1.5,,,,
2020-03-10,1.125,1.170013427734375,,,,
2020-03-11,1.125,1.540008544921875,,,,
2020-03-12,1.125,1.660003662109375,,,,
2020-03-13,1.125,1.6199951171875,,,,
2020-03-14,1.125,1.6199951171875,,,,
2020-03-15,1.125,1.6199951171875,,,,
2020-03-16,0.125,-2.1199951171875,,,,
2020-03-17,0.125,-2.19000244140625,,,,
2020-03-18,0.125,-2.279998779296875,,,,
2020-03-19,0.125,-2.290008544921875,,,,
2020-03-20,0.125,-2.20001220703125,,,,
2020-03-21,0.125,-2.20001220703125,,,,
2020-03-22,0.125,-2.20001220703125,,,,
2020-03-23,0.125,-2.149993896484375,,,,
2020-03-24,0.125,-2.1400146484375,,,,
2020-03-25,0.125,-2.1300048828125,,,,
2020-03-26,0.125,-2.1199951171875,,,,
2020-03-27,0.125,-2.1099853515625,,,,
2020-03-28,0.125,-2.1099853515625,,,,
2020-03-29,0.125,-2.1099853515625,,,,
2020-03-30,0.125,-2.1099853515625,,,,
2020-03-31,0.125,-2.1099853515625,,,,
2020-04-01,0.125,0.220001220703125,-0.007840402866550411,-0.11344160081200616,-0.08261898168535864,-0.13570093705681985
2020-04-02,0.125,0.220001220703125,,,,
2020-04-03,0.125,0.269989013671875,,,,
2020-04-04,0.125,0.269989013671875,,,,
2020-04-05,0.125,0.269989013671875,,,,
2020-04-06,0.125,0.269989013671875,,,,
2020-04-07,0.125,0.279998779296875,,,,
2020-04-08,0.125,0.269989013671875,,,,
2020-04-09,0.125,0.279998779296875,,,,
2020-04-10,0.125,0.279998779296875,,,,
2020-04-11,0.125,0.279998779296875,,,,
2020-04-12,0.125,0.279998779296875,,,,
2020-04-13,0.125,0.269989013671875,,,,
2020-04-14,0.125,0.269989013671875,,,,
2020-04-15,0.125,0.269989013671875,,,,
2020-04-16,0.125,0.279998779296875,,,,
2020-04-17,0.125,0.279998779296875,,,,
2020-04-18,0.125,0.279998779296875,,,,
2020-04-19,0.125,0.279998779296875,,,,
2020-04-20,0.125,0.290008544921875,,,,
2020-04-21,0.125,0.29998779296875,,,,
2020-04-22,0.125,0.29998779296875,,,,
2020-04-23,0.125,0.290008544921875,,,,
2020-04-24,0.125,0.30999755859375,,,,
2020-04-25,0.125,0.30999755859375,,,,
2020-04-26,0.125,0.30999755859375,,,,
2020-04-27,0.125,0.290008544921875,,,,
2020-04-28,0.125,0.290008544921875,,,,
2020-04-29,0.125,0.30999755859375,,,,
2020-04-30,0.125,0.29998779296875,,,,
2020-05-01,0.125,0.30999755859375,-0.0010854032780739375,0.0836665767113991,,0.020081121905214605
2020-05-02,0.125,0.30999755859375,,,,
2020-05-03,0.125,0.30999755859375,,,,
2020-05-04,0.125,0.30999755859375,,,,
2020-05-05,0.125,0.30999755859375,,,,
2020-05-06,0.125,0.29998779296875,,,,
2020-05-07,0.125,0.290008544921875,,,,
2020-05-08,0.125,0.290008544921875,,,,
2020-05-09,0.125,0.290008544921875,,,,
2020-05-10,0.125,0.290008544921875,,,,
2020-05-11,0.125,0.29998779296875,,,,
2020-05-12,0.125,0.290008544921875,,,,
2020-05-13,0.125,0.290008544921875,,,,
2020-05-14,0.125,0.290008544921875,,,,
2020-05-15,0.125,0.29998779296875,,,,
2020-05-16,0.125,0.29998779296875,,,,
2020-05-17,0.125,0.29998779296875,,,,
2020-05-18,0.125,0.290008544921875,,,,
2020-05-19,0.125,0.29998779296875,,,,
2020-05-20,0.125,0.290008544921875,,,,
2020-05-21,0.125,0.29998779296875,,,,
2020-05-22,0.125,0.29998779296875,,,,
2020-05-23,0.125,0.29998779296875,,,,
2020-05-24,0.125,0.29998779296875,,,,
2020-05-25,0.125,0.29998779296875,,,,
2020-05-26,0.125,0.290008544921875,,,,
2020-05-27,0.125,0.290008544921875,,,,
2020-05-28,0.125,0.290008544921875,,,,
2020-05-29,0.125,0.29998779296875,,,,
2020-05-30,0.125,0.29998779296875,,,,
2020-05-31,0.125,0.29998779296875,,,,
2020-06-01,0.125,0.279998779296875,0.004518307745223771,0.05853721116259414,,0.03468881539386648
2020-06-02,0.125,0.279998779296875,,,,
2020-06-03,0.125,0.269989013671875,,,,
2020-06-04,0.125,0.239990234375,,,,
2020-06-05,0.125,0.230010986328125,,,,
2020-06-06,0.125,0.230010986328125,,,,
2020-06-07,0.125,0.230010986328125,,,,
2020-06-08,0.125,0.209991455078125,,,,
2020-06-09,0.125,0.19000244140625,,,,
2020-06-10,0.125,0.20001220703125,,,,
2020-06-11,0.125,0.20001220703125,,,,
2020-06-12,0.125,0.170013427734375,,,,
2020-06-13,0.125,0.170013427734375,,,,
2020-06-14,0.125,0.170013427734375,,,,
2020-06-15,0.125,0.160003662109375,,,,
2020-06-16,0.125,0.160003662109375,,,,
2020-06-17,0.125,0.170013427734375,,,,
2020-06-18,0.125,0.170013427734375,,,,
2020-06-19,0.125,0.170013427734375,,,,
2020-06-20,0.125,0.170013427734375,,,,
2020-06-21,0.125,0.170013427734375,,,,
2020-06-22,0.125,0.170013427734375,,,,
2020-06-23,0.125,0.17999267578125,,,,
2020-06-24,0.125,0.17999267578125,,,,
2020-06-25,0.125,0.17999267578125,,,,
2020-06-26,0.125,0.17999267578125,,,,
2020-06-27,0.125,0.17999267578125,,,,
2020-06-28,0.125,0.17999267578125,,,,
2020-06-29,0.125,0.17999267578125,,,,
2020-06-30,0.125,0.17999267578125,,,,
2020-07-01,0.125,0.20001220703125,0.0054629499929961245,0.01839296789785494,0.08710312580992352,0.011514292978823892
2020-07-02,0.125,0.170013427734375,,,,
2020-07-03,0.125,0.170013427734375,,,,
2020-07-04,0.125,0.170013427734375,,,,
2020-07-05,0.125,0.170013427734375,,,,
2020-07-06,0.125,0.160003662109375,,,,
2020-07-07,0.125,0.149993896484375,,,,
2020-07-08,0.125,0.160003662109375,,,,
2020-07-09,0.125,0.160003662109375,,,,
2020-07-10,0.125,0.149993896484375,,,,
2020-07-11,0.125,0.149993896484375,,,,
2020-07-12,0.125,0.149993896484375,,,,
2020-07-13,0.125,0.1400146484375,,,,
2020-07-14,0.125,0.1400146484375,,,,
2020-07-15,0.125,0.1400146484375,,,,
2020-07-16,0.125,0.1400146484375,,,,
2020-07-17,0.125,0.1400146484375,,,,
2020-07-18,0.125,0.1400146484375,,,,
2020-07-19,0.125,0.1400146484375,,,,
2020-07-20,0.125,0.1300048828125,,,,
2020-07-21,0.125,0.1300048828125,,,,
2020-07-22,0.125,0.1300048828125,,,,
2020-07-23,0.125,0.1300048828125,,,,
2020-07-24,0.125,0.1300048828125,,,,
2020-07-25,0.125,0.1300048828125,,,,
2020-07-26,0.125,0.1300048828125,,,,
2020-07-27,0.125,0.1400146484375,,,,
2020-07-28,0.125,0.1300048828125,,,,
2020-07-29,0.125,0.1300048828125,,,,
2020-07-30,0.125,0.1300048828125,,,,
2020-07-31,0.125,0.1199951171875,,,,
2020-08-01,0.125,0.1199951171875,0.003707315562985647,0.010031431351548159,,0.011016949152542477
2020-08-02,0.125,0.1199951171875,,,,
2020-08-03,0.125,0.160003662109375,,,,
2020-08-04,0.125,0.149993896484375,,,,
2020-08-05,0.125,0.149993896484375,,,,
2020-08-06,0.125,0.149993896484375,,,,
2020-08-07,0.125,0.1400146484375,,,,
2020-08-08,0.125,0.1400146484375,,,,
2020-08-09,0.125,0.1400146484375,,,,
2020-08-10,0.125,0.1199951171875,,,,
2020-08-11,0.125,0.1199951171875,,,,
2020-08-12,0.125,0.1199951171875,,,,
2020-08-13,0.125,0.1300048828125,,,,
2020-08-14,0.125,0.1099853515625,,,,
2020-08-15,0.125,0.1099853515625,,,,
2020-08-16,0.125,0.1099853515625,,,,
2020-08-17,0.125,0.1099853515625,,,,
2020-08-18,0.125,0.1099853515625,,,,
2020-08-19,0.125,0.1199951171875,,,,
2020-08-20,0.125,0.1199951171875,,,,
2020-08-21,0.125,0.1300048828125,,,,
2020-08-22,0.125,0.1300048828125,,,,
2020-08-23,0.125,0.1300048828125,,,,
2020-08-24,0.125,0.1300048828125,,,,
2020-08-25,0.125,0.1199951171875,,,,
2020-08-26,0.125,0.1099853515625,,,,
2020-08-27,0.125,0.1199951171875,,,,
2020-08-28,0.125,0.1199951171875,,,,
2020-08-29,0.125,0.1199951171875,,,,
2020-08-30,0.125,0.1199951171875,,,,
2020-08-31,0.125,0.1199951171875,,,,
2020-09-01,0.125,0.17999267578125,0.002255499949877837,0.01570513709073773,,0.007430349354284216
2020-09-02,0.125,0.170013427734375,,,,
2020-09-03,0.125,0.17999267578125,,,,
2020-09-04,0.125,0.149993896484375,,,,
2020-09-05,0.125,0.149993896484375,,,,
2020-09-06,0.125,0.149993896484375,,,,
2020-09-07,0.125,0.149993896484375,,,,
2020-09-08,0.125,0.1400146484375,,,,
2020-09-09,0.125,0.149993896484375,,,,
2020-09-10,0.125,0.1400146484375,,,,
2020-09-11,0.125,0.1400146484375,,,,
2020-09-12,0.125,0.1400146484375,,,,
2020-09-13,0.125,0.1400146484375,,,,
2020-09-14,0.125,0.1400146484375,,,,
2020-09-15,0.125,0.1300048828125,,,,
2020-09-16,0.125,0.1300048828125,,,,
2020-09-17,0.125,0.1300048828125,,,,
2020-09-18,0.125,0.1300048828125,,,,
2020-09-19,0.125,0.1300048828125,,,,
2020-09-20,0.125,0.1300048828125,,,,
2020-09-21,0.125,0.1400146484375,,,,
2020-09-22,0.125,0.1400146484375,,,,
2020-09-23,0.125,0.149993896484375,,,,
2020-09-24,0.125,0.149993896484375,,,,
2020-09-25,0.125,0.149993896484375,,,,
2020-09-26,0.125,0.149993896484375,,,,
2020-09-27,0.125,0.149993896484375,,,,
2020-09-28,0.125,0.1400146484375,,,,
2020-09-29,0.125,0.1300048828125,,,,
2020-09-30,0.125,0.1400146484375,,,,
2020-10-01,0.125,0.160003662109375,0.001146369892787602,0.003241214602524689,0.017408918477949564,0.004745451981384763
2020-10-02,0.125,0.170013427734375,,,,
2020-10-03,0.125,0.170013427734375,,,,
2020-10-04,0.125,0.170013427734375,,,,
2020-10-05,0.125,0.170013427734375,,,,
2020-10-06,0.125,0.160003662109375,,,,
2020-10-07,0.125,0.160003662109375,,,,
2020-10-08,0.125,0.149993896484375,,,,
2020-10-09,0.125,0.149993896484375,,,,
2020-10-10,0.125,0.149993896484375,,,,
2020-10-11,0.125,0.149993896484375,,,,
2020-10-12,0.125,0.1400146484375,,,,
2020-10-13,0.125,0.1400146484375,,,,
2020-10-14,0.125,0.149993896484375,,,,
2020-10-15,0.125,0.1400146484375,,,,
2020-10-16,0.125,0.1400146484375,,,,
2020-10-17,0.125,0.1400146484375,,,,
2020-10-18,0.125,0.1400146484375,,,,
2020-10-19,0.125,0.1400146484375,,,,
2020-10-20,0.125,0.1400146484375,,,,
2020-10-21,0.125,0.1400146484375,,,,
2020-10-22,0.125,0.1400146484375,,,,
2020-10-23,0.125,0.1400146484375,,,,
2020-10-24,0.125,0.1400146484375,,,,
2020-10-25,0.125,0.1400146484375,,,,
2020-10-26,0.125,0.1400146484375,,,,
2020-10-27,0.125,0.1400146484375,,,,
2020-10-28,0.125,0.1400146484375,,,,
2020-10-29,0.125,0.1400146484375,,,,
2020-10-30,0.125,0.1400146484375,,,,
2020-10-31,0.125,0.1400146484375,,,,
2020-11-01,0.125,0.1400146484375,0.0024822381642195523,-0.0018160176840673614,,0.0018807941442737786
2020-11-02,0.125,0.149993896484375,,,,
2020-11-03,0.125,0.160003662109375,,,,
2020-11-04,0.125,0.1400146484375,,,,
2020-11-05,0.125,0.1400146484375,,,,
2020-11-06,0.125,0.1400146484375,,,,
2020-11-07,0.125,0.1400146484375,,,,
2020-11-08,0.125,0.1400146484375,,,,
2020-11-09,0.125,0.149993896484375,,,,
2020-11-10,0.125,0.1400146484375,,,,
2020-11-11,0.125,0.1400146484375,,,,
2020-11-12,0.125,0.1400146484375,,,,
2020-11-13,0.125,0.1400146484375,,,,
2020-11-14,0.125,0.1400146484375,,,,
2020-11-15,0.125,0.1400146484375,,,,
2020-11-16,0.125,0.149993896484375,,,,
2020-11-17,0.125,0.1400146484375,,,,
2020-11-18,0.125,0.1400146484375,,,,
2020-11-19,0.125,0.149993896484375,,,,
2020-11-20,0.125,0.1400146484375,,,,
2020-11-21,0.125,0.1400146484375,,,,
2020-11-22,0.125,0.1400146484375,,,,
2020-11-23,0.125,0.1400146484375,,,,
2020-11-24,0.125,0.149993896484375,,,,
2020-11-25,0.125,0.149993896484375,,,,
2020-11-26,0.125,0.149993896484375,,,,
2020-11-27,0.125,0.149993896484375,,,,
2020-11-28,0.125,0.149993896484375,,,,
2020-11-29,0.125,0.149993896484375,,,,
2020-11-30,0.125,0.149993896484375,,,,
2020-12-01,0.125,0.160003662109375,0.0042545851779451915,0.00858556262690957,,-0.0017021455439510946
2020-12-02,0.125,0.149993896484375,,,,
2020-12-03,0.125,0.149993896484375,,,,
2020-12-04,0.125,0.149993896484375,,,,
2020-12-05,0.125,0.149993896484375,,,,
2020-12-06,0.125,0.149993896484375,,,,
2020-12-07,0.125,0.149993896484375,,,,
2020-12-08,0.125,0.1400146484375,,,,
2020-12-09,0.125,0.1400146484375,,,,
2020-12-10,0.125,0.1400146484375,,,,
2020-12-11,0.125,0.149993896484375,,,,
2020-12-12,0.125,0.149993896484375,,,,
2020-12-13,0.125,0.149993896484375,,,,
2020-12-14,0.125,0.1400146484375,,,,
2020-12-15,0.125,0.1400146484375,,,,
2020-12-16,0.125,0.149993896484375,,,,
2020-12-17,0.125,0.1300048828125,,,,
2020-12-18,0.125,0.1300048828125,,,,
2020-12-19,0.125,0.1300048828125,,,,
2020-12-20,0.125,0.1300048828125,,,,
2020-12-21,0.125,0.1300048828125,,,,
2020-12-22,0.125,0.1400146484375,,,,
2020-12-23,0.125,0.1400146484375,,,,
2020-12-24,0.125,0.149993896484375,,,,
2020-12-25,0.125,0.149993896484375,,,,
2020-12-26,0.125,0.149993896484375,,,,
2020-12-27,0.125,0.149993896484375,,,,
2020-12-28,0.125,0.1300048828125,,,,
2020-12-29,0.125,0.1300048828125,,,,
2020-12-30,0.125,0.1300048828125,,,,
2020-12-31,0.125,0.149993896484375,,,,
2021-01-01,0.125,0.149993896484375,0.001957977901184904,0.01658582064343528,0.026138298155390816,0.0027926297029148284
2021-01-02,0.125,0.149993896484375,,,,
2021-01-03,0.125,0.149993896484375,,,,
2021-01-04,0.125,0.160003662109375,,,,
2021-01-05,0.125,0.149993896484375,,,,
2021-01-06,0.125,0.149993896484375,,,,
2021-01-07,0.125,0.149993896484375,,,,
2021-01-08,0.125,0.149993896484375,,,,
2021-01-09,0.125,0.149993896484375,,,,
2021-01-10,0.125,0.149993896484375,,,,
2021-01-11,0.125,0.1400146484375,,,,
2021-01-12,0.125,0.1400146484375,,,,
2021-01-13,0.125,0.1400146484375,,,,
2021-01-14,0.125,0.1400146484375,,,,
2021-01-15,0.125,0.1400146484375,,,,
2021-01-16,0.125,0.1400146484375,,,,
2021-01-17,0.125,0.1400146484375,,,,
2021-01-18,0.125,0.1400146484375,,,,
2021-01-19,0.125,0.1400146484375,,,,
2021-01-20,0.125,0.1400146484375,,,,
2021-01-21,0.125,0.1400146484375,,,,
2021-01-22,0.125,0.1400146484375,,,,
2021-01-23,0.125,0.1400146484375,,,,
2021-01-24,0.125,0.1400146484375,,,,
2021-01-25,0.125,0.1400146484375,,,,
2021-01-26,0.125,0.149993896484375,,,,
2021-01-27,0.125,0.149993896484375,,,,
2021-01-28,0.125,0.149993896484375,,,,
2021-01-29,0.125,0.149993896484375,,,,
2021-01-30,0.125,0.149993896484375,,,,
2021-01-31,0.125,0.149993896484375,,,,
2021-02-01,0.125,0.230010986328125,0.004056864672137062,-0.006585899131405504,,0.003687480757927686
2021-02-02,0.125,0.230010986328125,,,,
2021-02-03,0.125,0.230010986328125,,,,
2021-02-04,0.125,0.239990234375,,,,
2021-02-05,0.125,0.239990234375,,,,
2021-02-06,0.125,0.239990234375,,,,
2021-02-07,0.125,0.239990234375,,,,
2021-02-08,0.125,0.239990234375,,,,
2021-02-09,0.125,0.220001220703125,,,,
2021-02-10,0.125,0.220001220703125,,,,
2021-02-11,0.125,0.20001220703125,,,,
2021-02-12,0.125,0.209991455078125,,,,
2021-02-13,0.125,0.209991455078125,,,,
2021-02-14,0.125,0.209991455078125,,,,
2021-02-15,0.125,0.209991455078125,,,,
2021-02-16,0.125,0.209991455078125,,,,
2021-02-17,0.125,0.209991455078125,,,,
2021-02-18,0.125,0.20001220703125,,,,
2021-02-19,0.125,0.209991455078125,,,,
2021-02-20,0.125,0.209991455078125,,,,
2021-02-21,0.125,0.209991455078125,,,,
2021-02-22,0.125,0.20001220703125,,,,
2021-02-23,0.125,0.20001220703125,,,,
2021-02-24,0.125,0.20001220703125,,,,
2021-02-25,0.125,0.20001220703125,,,,
2021-02-26,0.125,0.19000244140625,,,,
2021-02-27,0.125,0.19000244140625,,,,
2021-02-28,0.125,0.19000244140625,,,,
2021-03-01,0.125,0.220001220703125,0.0050344673214888225,0.04745721892936938,,0.0057932419149069325
2021-03-02,0.125,0.220001220703125,,,,
2021-03-03,0.125,0.220001220703125,,,,
2021-03-04,0.125,0.220001220703125,,,,
2021-03-05,0.125,0.239990234375,,,,
2021-03-06,0.125,0.239990234375,,,,
2021-03-07,0.125,0.239990234375,,,,
2021-03-08,0.125,0.220001220703125,,,,
2021-03-09,0.125,0.220001220703125,,,,
2021-03-10,0.125,0.230010986328125,,,,
2021-03-11,0.125,0.220001220703125,,,,
2021-03-12,0.125,0.220001220703125,,,,
2021-03-13,0.125,0.220001220703125,,,,
2021-03-14,0.125,0.220001220703125,,,,
2021-03-15,0.125,0.220001220703125,,,,
2021-03-16,0.125,0.209991455078125,,,,
2021-03-17,0.125,0.220001220703125,,,,
2021-03-18,0.125,0.220001220703125,,,,
2021-03-19,0.125,0.230010986328125,,,,
2021-03-20,0.125,0.230010986328125,,,,
2021-03-21,0.125,0.230010986328125,,,,
2021-03-22,0.125,0.230010986328125,,,,
2021-03-23,0.125,0.220001220703125,,,,
2021-03-24,0.125,0.230010986328125,,,,
2021-03-25,0.125,0.220001220703125,,,,
2021-03-26,0.125,0.220001220703125,,,,
2021-03-27,0.125,0.220001220703125,,,,
2021-03-28,0.125,0.220001220703125,,,,
2021-03-29,0.125,0.220001220703125,,,,
2021-03-30,0.125,0.220001220703125,,,,
2021-03-31,0.125,0.220001220703125,,,,
2021-04-01,0.125,0.25,0.006953304896002432,0.012549816063764485,0.030627050176801562,0.002211070601771725
2021-04-02,0.125,0.25,,,,
2021-04-03,0.125,0.25,,,,
2021-04-04,0.125,0.25,,,,
2021-04-05,0.125,0.239990234375,,,,
2021-04-06,0.125,0.230010986328125,,,,
2021-04-07,0.125,0.239990234375,,,,
2021-04-08,0.125,0.230010986328125,,,,
2021-04-09,0.125,0.230010986328125,,,,
2021-04-10,0.125,0.230010986328125,,,,
2021-04-11,0.125,0.230010986328125,,,,
2021-04-12,0.125,0.220001220703125,,,,
2021-04-13,0.125,0.220001220703125,,,,
2021-04-14,0.125,0.220001220703125,,,,
2021-04-15,0.125,0.230010986328125,,,,
2021-04-16,0.125,0.220001220703125,,,,
2021-04-17,0.125,0.220001220703125,,,,
2021-04-18,0.125,0.220001220703125,,,,
2021-04-19,0.125,0.230010986328125,,,,
2021-04-20,0.125,0.220001220703125,,,,
2021-04-21,0.125,0.220001220703125,,,,
2021-04-22,0.125,0.220001220703125,,,,
2021-04-23,0.125,0.220001220703125,,,,
2021-04-24,0.125,0.220001220703125,,,,
2021-04-25,0.125,0.220001220703125,,,,
2021-04-26,0.125,0.220001220703125,,,,
2021-04-27,0.125,0.209991455078125,,,,
2021-04-28,0.125,0.220001220703125,,,,
2021-04-29,0.125,0.220001220703125,,,,
2021-04-30,0.125,0.220001220703125,,,,
2021-05-01,0.125,0.220001220703125,0.006372960652591075,0.0022643984836729913,,0.0031190998181100937
2021-05-02,0.125,0.220001220703125,,,,
2021-05-03,0.125,0.20001220703125,,,,
2021-05-04,0.125,0.230010986328125,,,,
2021-05-05,0.125,0.220001220703125,,,,
2021-05-06,0.125,0.239990234375,,,,
2021-05-07,0.125,0.25,,,,
2021-05-08,0.125,0.25,,,,
2021-05-09,0.125,0.25,,,,
2021-05-10,0.125,0.25,,,,
2021-05-11,0.125,0.25,,,,
2021-05-12,0.125,0.25,,,,
2021-05-13,0.125,0.25,,,,
2021-05-14,0.125,0.25,,,,
2021-05-15,0.125,0.25,,,,
2021-05-16,0.125,0.25,,,,
2021-05-17,0.125,0.260009765625,,,,
2021-05-18,0.125,0.260009765625,,,,
2021-05-19,0.125,0.269989013671875,,,,
2021-05-20,0.125,0.260009765625,,,,
2021-05-21,0.125,0.260009765625,,,,
2021-05-22,0.125,0.260009765625,,,,
2021-05-23,0.125,0.260009765625,,,,
2021-05-24,0.125,0.260009765625,,,,
2021-05-25,0.125,0.269989013671875,,,,
2021-05-26,0.125,0.260009765625,,,,
2021-05-27,0.125,0.260009765625,,,,
2021-05-28,0.125,0.260009765625,,,,
2021-05-29,0.125,0.260009765625,,,,
2021-05-30,0.125,0.260009765625,,,,
2021-05-31,0.125,0.260009765625,,,,
2021-06-01,0.125,0.220001220703125,0.00823983430929931,0.01375078665827556,,0.0053638895783347795
2021-06-02,0.125,0.220001220703125,,,,
2021-06-03,0.125,0.230010986328125,,,,
2021-06-04,0.125,0.230010986328125,,,,
2021-06-05,0.125,0.230010986328125,,,,
2021-06-06,0.125,0.230010986328125,,,,
2021-06-07,0.125,0.239990234375,,,,
2021-06-08,0.125,0.239990234375,,,,
2021-06-09,0.125,0.25,,,,
2021-06-10,0.125,0.239990234375,,,,
2021-06-11,0.125,0.239990234375,,,,
2021-06-12,0.125,0.239990234375,,,,
2021-06-13,0.125,0.239990234375,,,,
2021-06-14,0.125,0.220001220703125,,,,
2021-06-15,0.125,0.220001220703125,,,,
2021-06-16,0.125,0.170013427734375,,,,
2021-06-17,0.125,0.19000244140625,,,,
2021-06-18,0.125,0.17999267578125,,,,
2021-06-19,0.125,0.17999267578125,,,,
2021-06-20,0.125,0.17999267578125,,,,
2021-06-21,0.125,0.17999267578125,,,,
2021-06-22,0.125,0.19000244140625,,,,
2021-06-23,0.125,0.19000244140625,,,,
2021-06-24,0.125,0.17999267578125,,,,
2021-06-25,0.125,0.17999267578125,,,,
2021-06-26,0.125,0.17999267578125,,,,
2021-06-27,0.125,0.17999267578125,,,,
2021-06-28,0.125,0.17999267578125,,,,
2021-06-29,0.125,0.19000244140625,,,,
2021-06-30,0.125,0.17999267578125,,,,
2021-07-01,0.125,0.1099853515625,0.004913841515680195,0.002625942825216443,0.02303806715695056,0.006439357572931348
2021-07-02,0.125,0.1099853515625,,,,
2021-07-03,0.125,0.1099853515625,,,,
2021-07-04,0.125,0.1099853515625,,,,
2021-07-05,0.125,0.1099853515625,,,,
2021-07-06,0.125,0.1199951171875,,,,
2021-07-07,0.125,0.1199951171875,,,,
2021-07-08,0.125,0.1099853515625,,,,
2021-07-09,0.125,0.1099853515625,,,,
2021-07-10,0.125,0.1099853515625,,,,
2021-07-11,0.125,0.1099853515625,,,,
2021-07-12,0.125,0.1099853515625,,,,
2021-07-13,0.125,0.1199951171875,,,,
2021-07-14,0.125,0.1099853515625,,,,
2021-07-15,0.125,0.1099853515625,,,,
2021-07-16,0.125,0.1099853515625,,,,
2021-07-17,0.125,0.1099853515625,,,,
2021-07-18,0.125,0.1099853515625,,,,
2021-07-19,0.125,0.1099853515625,,,,
2021-07-20,0.125,0.100006103515625,,,,
2021-07-21,0.125,0.100006103515625,,,,
2021-07-22,0.125,0.100006103515625,,,,
2021-07-23,0.125,0.100006103515625,,,,
2021-07-24,0.125,0.100006103515625,,,,
2021-07-25,0.125,0.100006103515625,,,,
2021-07-26,0.125,0.1099853515625,,,,
2021-07-27,0.125,0.100006103515625,,,,
2021-07-28,0.125,0.100006103515625,,,,
2021-07-29,0.125,0.100006103515625,,,,
2021-07-30,0.125,0.100006103515625,,,,
2021-07-31,0.125,0.100006103515625,,,,
2021-08-01,0.125,0.100006103515625,0.002922858592468769,0.009584664536741228,,0.003168416677455266
2021-08-02,0.125,0.1300048828125,,,,
2021-08-03,0.125,0.1199951171875,,,,
2021-08-04,0.125,0.1199951171875,,,,
2021-08-05,0.125,0.1099853515625,,,,
2021-08-06,0.125,0.1099853515625,,,,
2021-08-07,0.125,0.1099853515625,,,,
2021-08-08,0.125,0.1099853515625,,,,
2021-08-09,0.125,0.1099853515625,,,,
2021-08-10,0.125,0.1099853515625,,,,
2021-08-11,0.125,0.1099853515625,,,,
2021-08-12,0.125,0.1099853515625,,,,
2021-08-13,0.125,0.1099853515625,,,,
2021-08-14,0.125,0.1099853515625,,,,
2021-08-15,0.125,0.1099853515625,,,,
2021-08-16,0.125,0.1099853515625,,,,
2021-08-17,0.125,0.1199951171875,,,,
2021-08-18,0.125,0.1099853515625,,,,
2021-08-19,0.125,0.1199951171875,,,,
2021-08-20,0.125,0.1199951171875,,,,
2021-08-21,0.125,0.1199951171875,,,,
2021-08-22,0.125,0.1199951171875,,,,
2021-08-23,0.125,0.1199951171875,,,,
2021-08-24,0.125,0.1199951171875,,,,
2021-08-25,0.125,0.1199951171875,,,,
2021-08-26,0.125,0.1199951171875,,,,
2021-08-27,0.125,0.1199951171875,,,,
2021-08-28,0.125,0.1199951171875,,,,
2021-08-29,0.125,0.1199951171875,,,,
2021-08-30,0.125,0.1300048828125,,,,
2021-08-31,0.125,0.1300048828125,,,,
2021-09-01,0.125,0.17999267578125,0.004025088988192316,0.00572196055342955,,0.0032602936981238617
2021-09-02,0.125,0.17999267578125,,,,
2021-09-03,0.125,0.20001220703125,,,,
2021-09-04,0.125,0.20001220703125,,,,
2021-09-05,0.125,0.20001220703125,,,,
2021-09-06,0.125,0.20001220703125,,,,
2021-09-07,0.125,0.20001220703125,,,,
2021-09-08,0.125,0.20001220703125,,,,
2021-09-09,0.125,0.20001220703125,,,,
2021-09-10,0.125,0.17999267578125,,,,
2021-09-11,0.125,0.17999267578125,,,,
2021-09-12,0.125,0.17999267578125,,,,
2021-09-13,0.125,0.17999267578125,,,,
2021-09-14,0.125,0.19000244140625,,,,
2021-09-15,0.125,0.19000244140625,,,,
2021-09-16,0.125,0.19000244140625,,,,
2021-09-17,0.125,0.17999267578125,,,,
2021-09-18,0.125,0.17999267578125,,,,
2021-09-19,0.125,0.17999267578125,,,,
2021-09-20,0.125,0.17999267578125,,,,
2021-09-21,0.125,0.17999267578125,,,,
2021-09-22,0.125,0.17999267578125,,,,
2021-09-23,0.125,0.17999267578125,,,,
2021-09-24,0.125,0.17999267578125,,,,
2021-09-25,0.125,0.17999267578125,,,,
2021-09-26,0.125,0.17999267578125,,,,
2021-09-27,0.125,0.17999267578125,,,,
2021-09-28,0.125,0.17999267578125,,,,
2021-09-29,0.125,0.17999267578125,,,,
2021-09-30,0.125,0.17999267578125,,,,
2021-10-01,0.125,0.17999267578125,0.00929945561490686,0.013104537499466273,0.03464815709850355,0.00582237688380971
2021-10-02,0.125,0.17999267578125,,,,
2021-10-03,0.125,0.17999267578125,,,,
2021-10-04,0.125,0.19000244140625,,,,
2021-10-05,0.125,0.17999267578125,,,,
2021-10-06,0.125,0.17999267578125,,,,
2021-10-07,0.125,0.20001220703125,,,,
2021-10-08,0.125,0.19000244140625,,,,
2021-10-09,0.125,0.19000244140625,,,,
2021-10-10,0.125,0.19000244140625,,,,
2021-10-11,0.125,0.17999267578125,,,,
2021-10-12,0.125,0.17999267578125,,,,
2021-10-13,0.125,0.17999267578125,,,,
2021-10-14,0.125,0.19000244140625,,,,
2021-10-15,0.125,0.19000244140625,,,,
2021-10-16,0.125,0.19000244140625,,,,
2021-10-17,0.125,0.19000244140625,,,,
2021-10-18,0.125,0.17999267578125,,,,
2021-10-19,0.125,0.19000244140625,,,,
2021-10-20,0.125,0.19000244140625,,,,
2021-10-21,0.125,0.17999267578125,,,,
2021-10-22,0.125,0.17999267578125,,,,
2021-10-23,0.125,0.17999267578125,,,,
2021-10-24,0.125,0.17999267578125,,,,
2021-10-25,0.125,0.17999267578125,,,,
2021-10-26,0.125,0.17999267578125,,,,
2021-10-27,0.125,0.19000244140625,,,,
2021-10-28,0.125,0.17999267578125,,,,
2021-10-29,0.125,0.17999267578125,,,,
2021-10-30,0.125,0.17999267578125,,,,
2021-10-31,0.125,0.17999267578125,,,,
2021-11-01,0.125,0.20001220703125,0.008555387542776849,0.007692400293731749,,0.004247270573347839
2021-11-02,0.125,0.20001220703125,,,,
2021-11-03,0.125,0.17999267578125,,,,
2021-11-04,0.125,0.19000244140625,,,,
2021-11-05,0.125,0.19000244140625,,,,
2021-11-06,0.125,0.19000244140625,,,,
2021-11-07,0.125,0.19000244140625,,,,
2021-11-08,0.125,0.17999267578125,,,,
2021-11-09,0.125,0.17999267578125,,,,
2021-11-10,0.125,0.17999267578125,,,,
2021-11-11,0.125,0.17999267578125,,,,
2021-11-12,0.125,0.17999267578125,,,,
2021-11-13,0.125,0.17999267578125,,,,
2021-11-14,0.125,0.17999267578125,,,,
2021-11-15,0.125,0.17999267578125,,,,
2021-11-16,0.125,0.19000244140625,,,,
2021-11-17,0.125,0.17999267578125,,,,
2021-11-18,0.125,0.17999267578125,,,,
2021-11-19,0.125,0.17999267578125,,,,
2021-11-20,0.125,0.17999267578125,,,,
2021-11-21,0.125,0.17999267578125,,,,
2021-11-22,0.125,0.17999267578125,,,,
2021-11-23,0.125,0.170013427734375,,,,
2021-11-24,0.125,0.17999267578125,,,,
2021-11-25,0.125,0.17999267578125,,,,
2021-11-26,0.125,0.17999267578125,,,,
2021-11-27,0.125,0.17999267578125,,,,
2021-11-28,0.125,0.17999267578125,,,,
2021-11-29,0.125,0.17999267578125,,,,
2021-11-30,0.125,0.17999267578125,,,,
2021-12-01,0.125,0.170013427734375,0.007205908199096944,0.0034405313709562346,,0.0037936419633102236
2021-12-02,0.125,0.17999267578125,,,,
2021-12-03,0.125,0.17999267578125,,,,
2021-12-04,0.125,0.17999267578125,,,,
2021-12-05,0.125,0.17999267578125,,,,
2021-12-06,0.125,0.17999267578125,,,,
2021-12-07,0.125,0.19000244140625,,,,
2021-12-08,0.125,0.170013427734375,,,,
2021-12-09,0.125,0.17999267578125,,,,
2021-12-10,0.125,0.170013427734375,,,,
2021-12-11,0.125,0.170013427734375,,,,
2021-12-12,0.125,0.170013427734375,,,,
2021-12-13,0.125,0.17999267578125,,,,
2021-12-14,0.125,0.160003662109375,,,,
2021-12-15,0.125,0.170013427734375,,,,
2021-12-16,0.125,0.170013427734375,,,,
2021-12-17,0.125,0.170013427734375,,,,
2021-12-18,0.125,0.170013427734375,,,,
2021-12-19,0.125,0.170013427734375,,,,
2021-12-20,0.125,0.17999267578125,,,,
2021-12-21,0.125,0.17999267578125,,,,
2021-12-22,0.125,0.17999267578125,,,,
2021-12-23,0.125,0.19000244140625,,,,
2021-12-24,0.125,0.19000244140625,,,,
2021-12-25,0.125,0.19000244140625,,,,
2021-12-26,0.125,0.19000244140625,,,,
2021-12-27,0.125,0.19000244140625,,,,
2021-12-28,0.125,0.17999267578125,,,,
2021-12-29,0.125,0.17999267578125,,,,
2021-12-30,0.125,0.17999267578125,,,,
2021-12-31,0.125,0.17999267578125,,,,
2022-01-01,0.125,0.17999267578125,0.005633742628415206,0.005321681984856275,0.015190388585855752,0.00167598138392
2022-01-02,0.125,0.17999267578125,,,,
2022-01-03,0.125,0.17999267578125,,,,
2022-01-04,0.125,0.170013427734375,,,,
2022-01-05,0.125,0.170013427734375,,,,
2022-01-06,0.125,0.170013427734375,,,,
2022-01-07,0.125,0.170013427734375,,,,
2022-01-08,0.125,0.170013427734375,,,,
2022-01-09,0.125,0.170013427734375,,,,
2022-01-10,0.125,0.160003662109375,,,,
2022-01-11,0.125,0.170013427734375,,,,
2022-01-12,0.125,0.170013427734375,,,,
2022-01-13,0.125,0.170013427734375,,,,
2022-01-14,0.125,0.170013427734375,,,,
2022-01-15,0.125,0.170013427734375,,,,
2022-01-16,0.125,0.170013427734375,,,,
2022-01-17,0.125,0.170013427734375,,,,
2022-01-18,0.125,0.170013427734375,,,,
2022-01-19,0.125,0.170013427734375,,,,
2022-01-20,0.125,0.170013427734375,,,,
2022-01-21,0.125,0.17999267578125,,,,
2022-01-22,0.125,0.17999267578125,,,,
2022-01-23,0.125,0.17999267578125,,,,
2022-01-24,0.125,0.170013427734375,,,,
2022-01-25,0.125,0.170013427734375,,,,
2022-01-26,0.125,0.17999267578125,,,,
2022-01-27,0.125,0.17999267578125,,,,
2022-01-28,0.125,0.17999267578125,,,,
2022-01-29,0.125,0.17999267578125,,,,
2022-01-30,0.125,0.17999267578125,,,,
2022-01-31,0.125,0.17999267578125,,,,
2022-02-01,0.125,0.183990478515625,0.0075958780410072535,0.006578401998981631,,0.005746130361166335
2022-02-02,0.125,0.17999267578125,,,,
2022-02-03,0.125,0.170013427734375,,,,
2022-02-04,0.125,0.1300048828125,,,,
2022-02-05,0.125,0.1300048828125,,,,
2022-02-06,0.125,0.1300048828125,,,,
2022-02-07,0.125,0.149993896484375,,,,
2022-02-08,0.125,0.149993896484375,,,,
2022-02-09,0.125,0.160003662109375,,,,
2022-02-10,0.125,0.0,,,,
2022-02-11,0.125,0.089996337890625,,,,
2022-02-12,0.125,0.089996337890625,,,,
2022-02-13,0.125,0.089996337890625,,,,
2022-02-14,0.125,0.149993896484375,,,,
2022-02-15,0.125,0.160003662109375,,,,
2022-02-16,0.125,0.170013427734375,,,,
2022-02-17,0.125,0.17999267578125,,,,
2022-02-18,0.125,0.170013427734375,,,,
2022-02-19,0.125,0.170013427734375,,,,
2022-02-20,0.125,0.170013427734375,,,,
2022-02-21,0.125,0.170013427734375,,,,
2022-02-22,0.125,0.170013427734375,,,,
2022-02-23,0.125,0.170013427734375,,,,
2022-02-24,0.125,0.17999267578125,,,,
2022-02-25,0.125,0.17999267578125,,,,
2022-02-26,0.125,0.17999267578125,,,,
2022-02-27,0.125,0.17999267578125,,,,
2022-02-28,0.125,0.170013427734375,,,,
2022-03-01,0.125,0.17999267578125,0.010606779482313256,0.01199432931169353,,0.0032742119356292676
2022-03-02,0.125,-0.339996337890625,,,,
2022-03-03,0.125,-0.339996337890625,,,,
2022-03-04,0.125,-0.32000732421875,,,,
2022-03-05,0.125,-0.32000732421875,,,,
2022-03-06,0.125,-0.32000732421875,,,,
2022-03-07,0.125,-0.32000732421875,,,,
2022-03-08,0.125,-0.32000732421875,,,,
2022-03-09,0.125,-0.3599853515625,,,,
2022-03-10,0.125,-0.32000732421875,,,,
2022-03-11,0.125,-0.32000732421875,,,,
2022-03-12,0.125,-0.32000732421875,,,,
2022-03-13,0.125,-0.32000732421875,,,,
2022-03-14,0.125,-0.3599853515625,,,,
2022-03-15,0.125,-0.3599853515625,,,,
2022-03-16,0.125,-0.30999755859375,,,,
2022-03-17,0.375,0.70001220703125,,,,
2022-03-18,0.375,0.69000244140625,,,,
2022-03-19,0.375,0.69000244140625,,,,
2022-03-20,0.375,0.69000244140625,,,,
2022-03-21,0.375,0.69000244140625,,,,
2022-03-22,0.375,0.69000244140625,,,,
2022-03-23,0.375,0.69000244140625,,,,
2022-03-24,0.375,0.69000244140625,,,,
2022-03-25,0.375,0.70001220703125,,,,
2022-03-26,0.375,0.70001220703125,,,,
2022-03-27,0.375,0.70001220703125,,,,
2022-03-28,0.375,0.69000244140625,,,,
2022-03-29,0.375,0.69000244140625,,,,
2022-03-30,0.375,0.69000244140625,,,,
2022-03-31,0.375,0.69000244140625,,,,
2022-04-01,0.375,0.696014404296875,0.004211397551060259,0.006213815712990289,0.020582309019623324,0.0017969214507498332
2022-04-02,0.375,0.696014404296875,,,,
2022-04-03,0.375,0.696014404296875,,,,
2022-04-04,0.375,0.1199951171875,,,,
2022-04-05,0.375,0.1300048828125,,,,
2022-04-06,0.375,0.1199951171875,,,,
2022-04-07,0.375,0.1300048828125,,,,
2022-04-08,0.375,0.1199951171875,,,,
2022-04-09,0.375,0.1199951171875,,,,
2022-04-10,0.375,0.1199951171875,,,,
2022-04-11,0.375,0.1199951171875,,,,
2022-04-12,0.375,0.170013427734375,,,,
2022-04-13,0.375,0.17999267578125,,,,
2022-04-14,0.375,0.17999267578125,,,,
2022-04-15,0.375,0.17999267578125,,,,
2022-04-16,0.375,0.17999267578125,,,,
2022-04-17,0.375,0.17999267578125,,,,
2022-04-18,0.375,0.170013427734375,,,,
2022-04-19,0.375,0.170013427734375,,,,
2022-04-20,0.375,0.170013427734375,,,,
2022-04-21,0.375,0.170013427734375,,,,
2022-04-22,0.375,0.170013427734375,,,,
2022-04-23,0.375,0.170013427734375,,,,
2022-04-24,0.375,0.170013427734375,,,,
2022-04-25,0.375,0.170013427734375,,,,
2022-04-26,0.375,0.17999267578125,,,,
2022-04-27,0.375,0.17999267578125,,,,
2022-04-28,0.375,0.17999267578125,,,,
2022-04-29,0.375,0.17999267578125,,,,
2022-04-30,0.375,0.17999267578125,,,,
2022-05-01,0.375,0.17999267578125,0.00898657727417529,0.004292192599867128,,0.0018860210231994579
2022-05-02,0.375,0.17999267578125,,,,
2022-05-03,0.375,-1.6300048828125,,,,
2022-05-04,0.375,-1.579986572265625,,,,
2022-05-05,0.875,0.420013427734375,,,,
2022-05-06,0.875,0.42999267578125,,,,
2022-05-07,0.875,0.42999267578125,,,,
2022-05-08,0.875,0.42999267578125,,,,
2022-05-09,0.875,0.420013427734375,,,,
2022-05-10,0.875,0.42999267578125,,,,
2022-05-11,0.875,0.44000244140625,,,,
2022-05-12,0.875,0.44000244140625,,,,
2022-05-13,0.875,0.44000244140625,,,,
2022-05-14,0.875,0.44000244140625,,,,
2022-05-15,0.875,0.44000244140625,,,,
2022-05-16,0.875,0.44000244140625,,,,
2022-05-17,0.875,0.42999267578125,,,,
2022-05-18,0.875,0.44000244140625,,,,
2022-05-19,0.875,0.42999267578125,,,,
2022-05-20,0.875,0.44000244140625,,,,
2022-05-21,0.875,0.44000244140625,,,,
2022-05-22,0.875,0.44000244140625,,,,
2022-05-23,0.875,0.42999267578125,,,,
2022-05-24,0.875,0.42999267578125,,,,
2022-05-25,0.875,0.44000244140625,,,,
2022-05-26,0.875,0.42999267578125,,,,
2022-05-27,0.875,0.42999267578125,,,,
2022-05-28,0.875,0.42999267578125,,,,
2022-05-29,0.875,0.42999267578125,,,,
2022-05-30,0.875,0.42999267578125,,,,
2022-05-31,0.875,0.44000244140625,,,,
2022-06-01,0.875,0.44000244140625,0.012482881942895263,0.009502553955179183,,0.0027644673792848184
2022-06-02,0.875,-0.839996337890625,,,,
2022-06-03,0.875,-0.839996337890625,,,,
2022-06-04,0.875,-0.839996337890625,,,,
2022-06-05,0.875,-0.839996337890625,,,,
2022-06-06,0.875,-0.850006103515625,,,,
2022-06-07,0.875,-0.850006103515625,,,,
2022-06-08,0.875,-0.850006103515625,,,,
2022-06-09,0.875,-0.8599853515625,,,,
2022-06-10,0.875,-0.910003662109375,,,,
2022-06-11,0.875,-0.910003662109375,,,,
2022-06-12,0.875,-0.910003662109375,,,,
2022-06-13,0.875,-0.92999267578125,,,,
2022-06-14,0.875,-1.260009765625,,,,
2022-06-15,0.875,-1.329986572265625,,,,
2022-06-16,1.625,1.670013427734375,,,,
2022-06-17,1.625,1.670013427734375,,,,
2022-06-18,1.625,1.670013427734375,,,,
2022-06-19,1.625,1.670013427734375,,,,
2022-06-20,1.625,1.670013427734375,,,,
2022-06-21,1.625,1.670013427734375,,,,
2022-06-22,1.625,1.670013427734375,,,,
2022-06-23,1.625,1.670013427734375,,,,
2022-06-24,1.625,1.67999267578125,,,,
2022-06-25,1.625,1.67999267578125,,,,
2022-06-26,1.625,1.67999267578125,,,,
2022-06-27,1.625,1.670013427734375,,,,
2022-06-28,1.625,1.670013427734375,,,,
2022-06-29,1.625,1.670013427734375,,,,
2022-06-30,1.625,1.67999267578125,,,,
2022-07-01,1.625,-0.20001220703125,-6.440765298509898e-05,0.0003646723646724137,0.01763080123673899,0.004529104418830476
2022-07-02,1.625,-0.20001220703125,,,,
2022-07-03,1.625,-0.20001220703125,,,,
2022-07-04,1.625,-0.20001220703125,,,,
2022-07-05,1.625,-0.20001220703125,,,,
2022-07-06,1.625,-0.20001220703125,,,,
2022-07-07,1.625,-0.209991455078125,,,,
2022-07-08,1.625,-0.220001220703125,,,,
2022-07-09,1.625,-0.220001220703125,,,,
2022-07-10,1.625,-0.220001220703125,,,,
2022-07-11,1.625,-0.220001220703125,,,,
2022-07-12,1.625,-0.220001220703125,,,,
2022-07-13,1.625,-0.30999755859375,,,,
2022-07-14,1.625,-0.269989013671875,,,,
2022-07-15,1.625,-0.239990234375,,,,
2022-07-16,1.625,-0.239990234375,,,,
2022-07-17,1.625,-0.239990234375,,,,
2022-07-18,1.625,-0.239990234375,,,,
2022-07-19,1.625,-0.239990234375,,,,
2022-07-20,1.625,-0.239990234375,,,,
2022-07-21,1.625,-0.230010986328125,,,,
2022-07-22,1.625,-0.220001220703125,,,,
2022-07-23,1.625,-0.220001220703125,,,,
2022-07-24,1.625,-0.220001220703125,,,,
2022-07-25,1.625,-0.220001220703125,,,,
2022-07-26,1.625,-0.230010986328125,,,,
2022-07-27,1.625,-0.209991455078125,,,,
2022-07-28,2.375,2.79998779296875,,,,
2022-07-29,2.375,2.79998779296875,,,,
2022-07-30,2.375,2.79998779296875,,,,
2022-07-31,2.375,2.79998779296875,,,,
2022-08-01,2.375,0.170013427734375,0.0007865019984609756,0.007735070971269797,,0.001587840928396922
2022-08-02,2.375,0.170013427734375,,,,
2022-08-03,2.375,0.170013427734375,,,,
2022-08-04,2.375,0.160003662109375,,,,
2022-08-05,2.375,0.1199951171875,,,,
2022-08-06,2.375,0.1199951171875,,,,
2022-08-07,2.375,0.1199951171875,,,,
2022-08-08,2.375,0.1199951171875,,,,
2022-08-09,2.375,0.1199951171875,,,,
2022-08-10,2.375,0.160003662109375,,,,
2022-08-11,2.375,0.170013427734375,,,,
2022-08-12,2.375,0.170013427734375,,,,
2022-08-13,2.375,0.170013427734375,,,,
2022-08-14,2.375,0.170013427734375,,,,
2022-08-15,2.375,0.170013427734375,,,,
2022-08-16,2.375,0.170013427734375,,,,
2022-08-17,2.375,0.17999267578125,,,,
2022-08-18,2.375,0.170013427734375,,,,
2022-08-19,2.375,0.170013427734375,,,,
2022-08-20,2.375,0.170013427734375,,,,
2022-08-21,2.375,0.170013427734375,,,,
2022-08-22,2.375,0.170013427734375,,,,
2022-08-23,2.375,0.170013427734375,,,,
2022-08-24,2.375,0.170013427734375,,,,
2022-08-25,2.375,0.17999267578125,,,,
2022-08-26,2.375,0.170013427734375,,,,
2022-08-27,2.375,0.170013427734375,,,,
2022-08-28,2.375,0.170013427734375,,,,
2022-08-29,2.375,0.170013427734375,,,,
2022-08-30,2.375,0.170013427734375,,,,
2022-08-31,2.375,0.170013427734375,,,,
2022-09-01,2.375,-0.660003662109375,0.0038345714392176156,0.006319168899288963,,0.0016636112760224364
2022-09-02,2.375,-0.6099853515625,,,,
2022-09-03,2.375,-0.6099853515625,,,,
2022-09-04,2.375,-0.6099853515625,,,,
2022-09-05,2.375,-0.6099853515625,,,,
2022-09-06,2.375,-0.660003662109375,,,,
2022-09-07,2.375,-0.660003662109375,,,,
2022-09-08,2.375,-0.69000244140625,,,,
2022-09-09,2.375,-0.70001220703125,,,,
2022-09-10,2.375,-0.70001220703125,,,,
2022-09-11,2.375,-0.70001220703125,,,,
2022-09-12,2.375,-0.709991455078125,,,,
2022-09-13,2.375,-0.82000732421875,,,,
2022-09-14,2.375,-0.790008544921875,,,,
2022-09-15,2.375,-0.790008544921875,,,,
2022-09-16,2.375,-0.769989013671875,,,,
2022-09-17,2.375,-0.769989013671875,,,,
2022-09-18,2.375,-0.769989013671875,,,,
2022-09-19,2.375,-0.769989013671875,,,,
2022-09-20,2.375,-0.769989013671875,,,,
2022-09-21,2.375,-0.720001220703125,,,,
2022-09-22,3.125,2.269989013671875,,,,
2022-09-23,3.125,2.269989013671875,,,,
2022-09-24,3.125,2.269989013671875,,,,
2022-09-25,3.125,2.269989013671875,,,,
2022-09-26,3.125,2.269989013671875,,,,
2022-09-27,3.125,2.269989013671875,,,,
2022-09-28,3.125,2.269989013671875,,,,
2022-09-29,3.125,2.269989013671875,,,,
2022-09-30,3.125,2.269989013671875,,,,
2022-10-01,3.125,2.269989013671875,0.005135975109755275,0.006240170748146312,0.015917358960053196,0.0023512401000416183
2022-10-02,3.125,2.269989013671875,,,,
2022-10-03,3.125,0.170013427734375,,,,
2022-10-04,3.125,0.170013427734375,,,,
2022-10-05,3.125,0.170013427734375,,,,
2022-10-06,3.125,0.170013427734375,,,,
2022-10-07,3.125,0.17999267578125,,,,
2022-10-08,3.125,0.17999267578125,,,,
2022-10-09,3.125,0.17999267578125,,,,
2022-10-10,3.125,0.170013427734375,,,,
2022-10-11,3.125,0.170013427734375,,,,
2022-10-12,3.125,0.170013427734375,,,,
2022-10-13,3.125,0.170013427734375,,,,
2022-10-14,3.125,0.170013427734375,,,,
2022-10-15,3.125,0.170013427734375,,,,
2022-10-16,3.125,0.170013427734375,,,,
2022-10-17,3.125,0.170013427734375,,,,
2022-10-18,3.125,0.170013427734375,,,,
2022-10-19,3.125,0.17999267578125,,,,
2022-10-20,3.125,0.170013427734375,,,,
2022-10-21,3.125,0.170013427734375,,,,
2022-10-22,3.125,0.170013427734375,,,,
2022-10-23,3.125,0.170013427734375,,,,
2022-10-24,3.125,0.170013427734375,,,,
2022-10-25,3.125,0.170013427734375,,,,
2022-10-26,3.125,0.170013427734375,,,,
2022-10-27,3.125,0.170013427734375,,,,
2022-10-28,3.125,0.170013427734375,,,,
2022-10-29,3.125,0.170013427734375,,,,
2022-10-30,3.125,0.170013427734375,,,,
2022-10-31,3.125,0.17999267578125,,,,
2022-11-01,3.125,-2.6400146484375,0.0026354397827190734,-0.001261505657238815,,0.0016764459346185756
2022-11-02,3.125,-2.6300048828125,,,,
2022-11-03,3.875,0.3599853515625,,,,
2022-11-04,3.875,0.3599853515625,,,,
2022-11-05,3.875,0.3599853515625,,,,
2022-11-06,3.875,0.3599853515625,,,,
2022-11-07,3.875,0.3599853515625,,,,
2022-11-08,3.875,0.3699951171875,,,,
2022-11-09,3.875,0.3599853515625,,,,
2022-11-10,3.875,0.3800048828125,,,,
2022-11-11,3.875,0.3699951171875,,,,
2022-11-12,3.875,0.3699951171875,,,,
2022-11-13,3.875,0.3699951171875,,,,
2022-11-14,3.875,0.3800048828125,,,,
2022-11-15,3.875,0.3699951171875,,,,
2022-11-16,3.875,0.3699951171875,,,,
2022-11-17,3.875,0.3699951171875,,,,
2022-11-18,3.875,0.3699951171875,,,,
2022-11-19,3.875,0.3699951171875,,,,
2022-11-20,3.875,0.3699951171875,,,,
2022-11-21,3.875,0.3699951171875,,,,
2022-11-22,3.875,0.3699951171875,,,,
2022-11-23,3.875,0.3699951171875,,,,
2022-11-24,3.875,0.3699951171875,,,,
2022-11-25,3.875,0.3699951171875,,,,
2022-11-26,3.875,0.3699951171875,,,,
2022-11-27,3.875,0.3699951171875,,,,
2022-11-28,3.875,0.3800048828125,,,,
2022-11-29,3.875,0.3800048828125,,,,
2022-11-30,3.875,0.3699951171875,,,,
2022-12-01,3.875,-0.989990234375,0.0005491414641987102,0.002855945228447565,,0.0008822289254322158
2022-12-02,3.875,-0.970001220703125,,,,
2022-12-03,3.875,-0.970001220703125,,,,
2022-12-04,3.875,-0.970001220703125,,,,
2022-12-05,3.875,-0.980010986328125,,,,
2022-12-06,3.875,-0.970001220703125,,,,
2022-12-07,3.875,-0.970001220703125,,,,
2022-12-08,3.875,-0.959991455078125,,,,
2022-12-09,3.875,-0.970001220703125,,,,
2022-12-10,3.875,-0.970001220703125,,,,
2022-12-11,3.875,-0.970001220703125,,,,
2022-12-12,3.875,-0.970001220703125,,,,
2022-12-13,3.875,-0.92999267578125,,,,
2022-12-14,3.875,-0.92999267578125,,,,
2022-12-15,4.375,1.07000732421875,,,,
2022-12-16,4.375,1.079986572265625,,,,
2022-12-17,4.375,1.079986572265625,,,,
2022-12-18,4.375,1.079986572265625,,,,
2022-12-19,4.375,1.079986572265625,,,,
2022-12-20,4.375,1.089996337890625,,,,
2022-12-21,4.375,1.079986572265625,,,,
2022-12-22,4.375,1.079986572265625,,,,
2022-12-23,4.375,1.079986572265625,,,,
2022-12-24,4.375,1.079986572265625,,,,
2022-12-25,4.375,1.079986572265625,,,,
2022-12-26,4.375,1.079986572265625,,,,
2022-12-27,4.375,1.079986572265625,,,,
2022-12-28,4.375,1.079986572265625,,,,
2022-12-29,4.375,1.089996337890625,,,,
2022-12-30,4.375,1.089996337890625,,,,
2022-12-31,4.375,1.089996337890625,,,,
2023-01-01,4.375,1.089996337890625,0.0051671284955088215,0.01593883055797063,0.0153434484210615,0.0031239670492770877
2023-01-02,4.375,1.089996337890625,,,,
2023-01-03,4.375,0.170013427734375,,,,
2023-01-04,4.375,0.170013427734375,,,,
2023-01-05,4.375,0.170013427734375,,,,
2023-01-06,4.375,0.170013427734375,,,,
2023-01-07,4.375,0.170013427734375,,,,
2023-01-08,4.375,0.170013427734375,,,,
2023-01-09,4.375,0.170013427734375,,,,
2023-01-10,4.375,0.170013427734375,,,,
2023-01-11,4.375,0.170013427734375,,,,
2023-01-12,4.375,0.170013427734375,,,,
2023-01-13,4.375,0.170013427734375,,,,
2023-01-14,4.375,0.170013427734375,,,,
2023-01-15,4.375,0.170013427734375,,,,
2023-01-16,4.375,0.170013427734375,,,,
2023-01-17,4.375,0.170013427734375,,,,
2023-01-18,4.375,0.170013427734375,,,,
2023-01-19,4.375,0.17999267578125,,,,
2023-01-20,4.375,0.170013427734375,,,,
2023-01-21,4.375,0.170013427734375,,,,
2023-01-22,4.375,0.170013427734375,,,,
2023-01-23,4.375,0.17999267578125,,,,
2023-01-24,4.375,0.17999267578125,,,,
2023-01-25,4.375,0.170013427734375,,,,
2023-01-26,4.375,0.17999267578125,,,,
2023-01-27,4.375,0.17999267578125,,,,
2023-01-28,4.375,0.17999267578125,,,,
2023-01-29,4.375,0.17999267578125,,,,
2023-01-30,4.375,0.17999267578125,,,,
2023-01-31,4.375,0.170013427734375,,,,
2023-02-01,4.375,-0.790008544921875,0.0038387779834596625,0.0036698556194321164,,0.001854328597365118
2023-02-02,4.625,0.209991455078125,,,,
2023-02-03,4.625,0.209991455078125,,,,
2023-02-04,4.625,0.209991455078125,,,,
2023-02-05,4.625,0.209991455078125,,,,
2023-02-06,4.625,0.20001220703125,,,,
2023-02-07,4.625,0.220001220703125,,,,
2023-02-08,4.625,0.220001220703125,,,,
2023-02-09,4.625,0.209991455078125,,,,
2023-02-10,4.625,0.220001220703125,,,,
2023-02-11,4.625,0.220001220703125,,,,
2023-02-12,4.625,0.220001220703125,,,,
2023-02-13,4.625,0.220001220703125,,,,
2023-02-14,4.625,0.209991455078125,,,,
2023-02-15,4.625,0.209991455078125,,,,
2023-02-16,4.625,0.209991455078125,,,,
2023-02-17,4.625,0.209991455078125,,,,
2023-02-18,4.625,0.209991455078125,,,,
2023-02-19,4.625,0.209991455078125,,,,
2023-02-20,4.625,0.209991455078125,,,,
2023-02-21,4.625,0.209991455078125,,,,
2023-02-22,4.625,0.209991455078125,,,,
2023-02-23,4.625,0.209991455078125,,,,
2023-02-24,4.625,0.220001220703125,,,,
2023-02-25,4.625,0.220001220703125,,,,
2023-02-26,4.625,0.220001220703125,,,,
2023-02-27,4.625,0.209991455078125,,,,
2023-02-28,4.625,0.209991455078125,,,,
2023-03-01,4.625,-0.160003662109375,0.0007794128865141747,-0.0007597081409013162,,0.0009415710047724346
2023-03-02,4.625,-0.170013427734375,,,,
2023-03-03,4.625,-0.170013427734375,,,,
2023-03-04,4.625,-0.170013427734375,,,,
2023-03-05,4.625,-0.170013427734375,,,,
2023-03-06,4.625,-0.170013427734375,,,,
2023-03-07,4.625,-0.269989013671875,,,,
2023-03-08,4.625,-0.30999755859375,,,,
2023-03-09,4.625,-0.279998779296875,,,,
2023-03-10,4.625,-0.149993896484375,,,,
2023-03-11,4.625,-0.149993896484375,,,,
2023-03-12,4.625,-0.149993896484375,,,,
2023-03-13,4.625,0.079986572265625,,,,
2023-03-14,4.625,-0.04998779296875,,,,
2023-03-15,4.625,0.029998779296875,,,,
2023-03-16,4.625,-0.040008544921875,,,,
2023-03-17,4.625,0.0,,,,
2023-03-18,4.625,0.0,,,,
2023-03-19,4.625,0.0,,,,
2023-03-20,4.625,-0.019989013671875,,,,
2023-03-21,4.625,-0.040008544921875,,,,
2023-03-22,4.625,-0.089996337890625,,,,
2023-03-23,4.875,0.910003662109375,,,,
2023-03-24,4.875,0.910003662109375,,,,
2023-03-25,4.875,0.910003662109375,,,,
2023-03-26,4.875,0.910003662109375,,,,
2023-03-27,4.875,0.899993896484375,,,,
2023-03-28,4.875,0.899993896484375,,,,
2023-03-29,4.875,0.899993896484375,,,,
2023-03-30,4.875,0.899993896484375,,,,
2023-03-31,4.875,0.899993896484375,,,,
2023-04-01,4.875,0.899993896484375,0.004268519009491323,0.004441381422773505,0.009301660004562562,0.0017911678672215547
2023-04-02,4.875,0.899993896484375,,,,
2023-04-03,4.875,0.239990234375,,,,
2023-04-04,4.875,0.230010986328125,,,,
2023-04-05,4.875,0.239990234375,,,,
2023-04-06,4.875,0.220001220703125,,,,
2023-04-07,4.875,0.220001220703125,,,,
2023-04-08,4.875,0.220001220703125,,,,
2023-04-09,4.875,0.220001220703125,,,,
2023-04-10,4.875,0.19000244140625,,,,
2023-04-11,4.875,0.19000244140625,,,,
2023-04-12,4.875,0.19000244140625,,,,
2023-04-13,4.875,0.19000244140625,,,,
2023-04-14,4.875,0.17999267578125,,,,
2023-04-15,4.875,0.17999267578125,,,,
2023-04-16,4.875,0.17999267578125,,,,
2023-04-17,4.875,0.17999267578125,,,,
2023-04-18,4.875,0.17999267578125,,,,
2023-04-19,4.875,0.17999267578125,,,,
2023-04-20,4.875,0.17999267578125,,,,
2023-04-21,4.875,0.17999267578125,,,,
2023-04-22,4.875,0.17999267578125,,,,
2023-04-23,4.875,0.17999267578125,,,,
2023-04-24,4.875,0.17999267578125,,,,
2023-04-25,4.875,0.17999267578125,,,,
2023-04-26,4.875,0.19000244140625,,,,
2023-04-27,4.875,0.17999267578125,,,,
2023-04-28,4.875,0.17999267578125,,,,
2023-04-29,4.875,0.17999267578125,,,,
2023-04-30,4.875,0.17999267578125,,,,
2023-05-01,4.875,-0.670013427734375,0.0010988938461946596,0.002396018253302712,,0.0019487535694990843
2023-05-02,4.875,-0.589996337890625,,,,
2023-05-03,4.875,-0.69000244140625,,,,
2023-05-04,5.125,0.350006103515625,,,,
2023-05-05,5.125,0.32000732421875,,,,
2023-05-06,5.125,0.32000732421875,,,,
2023-05-07,5.125,0.32000732421875,,,,
2023-05-08,5.125,0.30999755859375,,,,
2023-05-09,5.125,0.29998779296875,,,,
2023-05-10,5.125,0.30999755859375,,,,
2023-05-11,5.125,0.290008544921875,,,,
2023-05-12,5.125,0.290008544921875,,,,
2023-05-13,5.125,0.290008544921875,,,,
2023-05-14,5.125,0.290008544921875,,,,
2023-05-15,5.125,0.290008544921875,,,,
2023-05-16,5.125,0.279998779296875,,,,
2023-05-17,5.125,0.279998779296875,,,,
2023-05-18,5.125,0.279998779296875,,,,
2023-05-19,5.125,0.269989013671875,,,,
2023-05-20,5.125,0.269989013671875,,,,
2023-05-21,5.125,0.269989013671875,,,,
2023-05-22,5.125,0.269989013671875,,,,
2023-05-23,5.125,0.269989013671875,,,,
2023-05-24,5.125,0.269989013671875,,,,
2023-05-25,5.125,0.279998779296875,,,,
2023-05-26,5.125,0.269989013671875,,,,
2023-05-27,5.125,0.269989013671875,,,,
2023-05-28,5.125,0.269989013671875,,,,
2023-05-29,5.125,0.269989013671875,,,,
2023-05-30,5.125,0.269989013671875,,,,
2023-05-31,5.125,0.279998779296875,,,,
2023-06-01,5.125,0.029998779296875,0.0021030771512864366,0.004215604254718119,,0.0015405650022146666
2023-06-02,5.125,0.0,,,,
2023-06-03,5.125,0.0,,,,
2023-06-04,5.125,0.0,,,,
2023-06-05,5.125,0.029998779296875,,,,
2023-06-06,5.125,0.05999755859375,,,,
2023-06-07,5.125,0.040008544921875,,,,
2023-06-08,5.125,0.040008544921875,,,,
2023-06-09,5.125,0.019989013671875,,,,
2023-06-10,5.125,0.019989013671875,,,,
2023-06-11,5.125,0.019989013671875,,,,
2023-06-12,5.125,0.040008544921875,,,,
2023-06-13,5.125,0.1300048828125,,,,
2023-06-14,5.125,0.170013427734375,,,,
2023-06-15,5.125,0.170013427734375,,,,
2023-06-16,5.125,0.17999267578125,,,,
2023-06-17,5.125,0.17999267578125,,,,
2023-06-18,5.125,0.17999267578125,,,,
2023-06-19,5.125,0.17999267578125,,,,
2023-06-20,5.125,0.17999267578125,,,,
2023-06-21,5.125,0.17999267578125,,,,
2023-06-22,5.125,0.17999267578125,,,,
2023-06-23,5.125,0.19000244140625,,,,
2023-06-24,5.125,0.19000244140625,,,,
2023-06-25,5.125,0.19000244140625,,,,
2023-06-26,5.125,0.19000244140625,,,,
2023-06-27,5.125,0.20001220703125,,,,
2023-06-28,5.125,0.20001220703125,,,,
2023-06-29,5.125,0.19000244140625,,,,
2023-06-30,5.125,0.20001220703125,,,,
2023-07-01,5.125,0.20001220703125,0.0020559007641371974,0.005950642128382366,0.020216375028766276,0.0011792830728014625
2023-07-02,5.125,0.20001220703125,,,,
2023-07-03,5.125,0.05999755859375,,,,
2023-07-04,5.125,0.05999755859375,,,,
2023-07-05,5.125,0.07000732421875,,,,
2023-07-06,5.125,0.05999755859375,,,,
2023-07-07,5.125,0.04998779296875,,,,
2023-07-08,5.125,0.04998779296875,,,,
2023-07-09,5.125,0.04998779296875,,,,
2023-07-10,5.125,0.04998779296875,,,,
2023-07-11,5.125,0.04998779296875,,,,
2023-07-12,5.125,0.05999755859375,,,,
2023-07-13,5.125,0.04998779296875,,,,
2023-07-14,5.125,0.040008544921875,,,,
2023-07-15,5.125,0.040008544921875,,,,
2023-07-16,5.125,0.040008544921875,,,,
2023-07-17,5.125,0.029998779296875,,,,
2023-07-18,5.125,0.029998779296875,,,,
2023-07-19,5.125,0.029998779296875,,,,
2023-07-20,5.125,0.040008544921875,,,,
2023-07-21,5.125,0.040008544921875,,,,
2023-07-22,5.125,0.040008544921875,,,,
2023-07-23,5.125,0.040008544921875,,,,
2023-07-24,5.125,0.029998779296875,,,,
2023-07-25,5.125,0.019989013671875,,,,
2023-07-26,5.125,0.019989013671875,,,,
2023-07-27,5.375,1.019989013671875,,,,
2023-07-28,5.375,1.019989013671875,,,,
2023-07-29,5.375,1.019989013671875,,,,
2023-07-30,5.375,1.019989013671875,,,,
2023-07-31,5.375,1.019989013671875,,,,
2023-08-01,5.375,0.17999267578125,0.005117717347059347,0.0030222528152121786,,0.0013443355461522088
2023-08-02,5.375,0.17999267578125,,,,
2023-08-03,5.375,0.17999267578125,,,,
2023-08-04,5.375,0.19000244140625,,,,
2023-08-05,5.375,0.19000244140625,,,,
2023-08-06,5.375,0.19000244140625,,,,
2023-08-07,5.375,0.19000244140625,,,,
2023-08-08,5.375,0.17999267578125,,,,
2023-08-09,5.375,0.17999267578125,,,,
2023-08-10,5.375,0.19000244140625,,,,
2023-08-11,5.375,0.17999267578125,,,,
2023-08-12,5.375,0.17999267578125,,,,
2023-08-13,5.375,0.17999267578125,,,,
2023-08-14,5.375,0.17999267578125,,,,
2023-08-15,5.375,0.17999267578125,,,,
2023-08-16,5.375,0.17999267578125,,,,
2023-08-17,5.375,0.17999267578125,,,,
2023-08-18,5.375,0.19000244140625,,,,
2023-08-19,5.375,0.19000244140625,,,,
2023-08-20,5.375,0.19000244140625,,,,
2023-08-21,5.375,0.17999267578125,,,,
2023-08-22,5.375,0.17999267578125,,,,
2023-08-23,5.375,0.17999267578125,,,,
2023-08-24,5.375,0.19000244140625,,,,
2023-08-25,5.375,0.17999267578125,,,,
2023-08-26,5.375,0.17999267578125,,,,
2023-08-27,5.375,0.17999267578125,,,,
2023-08-28,5.375,0.17999267578125,,,,
2023-08-29,5.375,0.17999267578125,,,,
2023-08-30,5.375,0.17999267578125,,,,
2023-08-31,5.375,0.17999267578125,,,,
2023-09-01,5.375,0.160003662109375,0.0035958417568349166,0.007500696991142863,,0.00157267886025525
2023-09-02,5.375,0.160003662109375,,,,
2023-09-03,5.375,0.160003662109375,,,,
2023-09-04,5.375,0.160003662109375,,,,
2023-09-05,5.375,0.149993896484375,,,,
2023-09-06,5.375,0.149993896484375,,,,
2023-09-07,5.375,0.149993896484375,,,,
2023-09-08,5.375,0.149993896484375,,,,
2023-09-09,5.375,0.149993896484375,,,,
2023-09-10,5.375,0.149993896484375,,,,
2023-09-11,5.375,0.149993896484375,,,,
2023-09-12,5.375,0.149993896484375,,,,
2023-09-13,5.375,0.160003662109375,,,,
2023-09-14,5.375,0.160003662109375,,,,
2023-09-15,5.375,0.170013427734375,,,,
2023-09-16,5.375,0.170013427734375,,,,
2023-09-17,5.375,0.170013427734375,,,,
2023-09-18,5.375,0.170013427734375,,,,
2023-09-19,5.375,0.170013427734375,,,,
2023-09-20,5.375,0.19000244140625,,,,
2023-09-21,5.375,0.17999267578125,,,,
2023-09-22,5.375,0.17999267578125,,,,
2023-09-23,5.375,0.17999267578125,,,,
2023-09-24,5.375,0.17999267578125,,,,
2023-09-25,5.375,0.17999267578125,,,,
2023-09-26,5.375,0.17999267578125,,,,
2023-09-27,5.375,0.17999267578125,,,,
2023-09-28,5.375,0.17999267578125,,,,
2023-09-29,5.375,0.17999267578125,,,,
2023-09-30,5.375,0.17999267578125,,,,
2023-10-01,5.375,0.17999267578125,0.0007907890968732456,0.0018785089003006128,0.012563143495749163,0.0010531892485334815
2023-10-02,5.375,0.19000244140625,,,,
2023-10-03,5.375,0.17999267578125,,,,
2023-10-04,5.375,0.19000244140625,,,,
2023-10-05,5.375,0.17999267578125,,,,
2023-10-06,5.375,0.17999267578125,,,,
2023-10-07,5.375,0.17999267578125,,,,
2023-10-08,5.375,0.17999267578125,,,,
2023-10-09,5.375,0.17999267578125,,,,
2023-10-10,5.375,0.19000244140625,,,,
2023-10-11,5.375,0.17999267578125,,,,
2023-10-12,5.375,0.19000244140625,,,,
2023-10-13,5.375,0.17999267578125,,,,
2023-10-14,5.375,0.17999267578125,,,,
2023-10-15,5.375,0.17999267578125,,,,
2023-10-16,5.375,0.17999267578125,,,,
2023-10-17,5.375,0.19000244140625,,,,
2023-10-18,5.375,0.17999267578125,,,,
2023-10-19,5.375,0.17999267578125,,,,
2023-10-20,5.375,0.17999267578125,,,,
2023-10-21,5.375,0.17999267578125,,,,
2023-10-22,5.375,0.17999267578125,,,,
2023-10-23,5.375,0.17999267578125,,,,
2023-10-24,5.375,0.17999267578125,,,,
2023-10-25,5.375,0.17999267578125,,,,
2023-10-26,5.375,0.17999267578125,,,,
2023-10-27,5.375,0.17999267578125,,,,
2023-10-28,5.375,0.17999267578125,,,,
2023-10-29,5.375,0.17999267578125,,,,
2023-10-30,5.375,0.17999267578125,,,,
2023-10-31,5.375,0.19000244140625,,,,
2023-11-01,5.375,0.19000244140625,0.0016030904201527196,0.004047421760469128,,0.0011604774535809437
2023-11-02,5.375,0.17999267578125,,,,
2023-11-03,5.375,0.17999267578125,,,,
2023-11-04,5.375,0.17999267578125,,,,
2023-11-05,5.375,0.17999267578125,,,,
2023-11-06,5.375,0.19000244140625,,,,
2023-11-07,5.375,0.17999267578125,,,,
2023-11-08,5.375,0.19000244140625,,,,
2023-11-09,5.375,0.17999267578125,,,,
2023-11-10,5.375,0.17999267578125,,,,
2023-11-11,5.375,0.17999267578125,,,,
2023-11-12,5.375,0.17999267578125,,,,
2023-11-13,5.375,0.17999267578125,,,,
2023-11-14,5.375,0.17999267578125,,,,
2023-11-15,5.375,0.19000244140625,,,,
2023-11-16,5.375,0.17999267578125,,,,
2023-11-17,5.375,0.19000244140625,,,,
2023-11-18,5.375,0.19000244140625,,,,
2023-11-19,5.375,0.19000244140625,,,,
2023-11-20,5.375,0.17999267578125,,,,
2023-11-21,5.375,0.17999267578125,,,,
2023-11-22,5.375,0.17999267578125,,,,
2023-11-23,5.375,0.17999267578125,,,,
2023-11-24,5.375,0.19000244140625,,,,
2023-11-25,5.375,0.19000244140625,,,,
2023-11-26,5.375,0.19000244140625,,,,
2023-11-27,5.375,0.17999267578125,,,,
2023-11-28,5.375,0.17999267578125,,,,
2023-11-29,5.375,0.17999267578125,,,,
2023-11-30,5.375,0.17999267578125,,,,
2023-12-01,5.375,0.17999267578125,0.002330987195803047,0.005856213299476387,,0.0018469690600837474
2023-12-02,5.375,0.17999267578125,,,,
2023-12-03,5.375,0.17999267578125,,,,
2023-12-04,5.375,0.17999267578125,,,,
2023-12-05,5.375,0.170013427734375,,,,
2023-12-06,5.375,0.17999267578125,,,,
2023-12-07,5.375,0.170013427734375,,,,
2023-12-08,5.375,0.170013427734375,,,,
2023-12-09,5.375,0.170013427734375,,,,
2023-12-10,5.375,0.170013427734375,,,,
2023-12-11,5.375,0.17999267578125,,,,
2023-12-12,5.375,0.170013427734375,,,,
2023-12-13,5.375,0.17999267578125,,,,
2023-12-14,5.375,0.17999267578125,,,,
2023-12-15,5.375,0.17999267578125,,,,
2023-12-16,5.375,0.17999267578125,,,,
2023-12-17,5.375,0.17999267578125,,,,
2023-12-18,5.375,0.17999267578125,,,,
2023-12-19,5.375,0.170013427734375,,,,
2023-12-20,5.375,0.170013427734375,,,,
2023-12-21,5.375,0.17999267578125,,,,
2023-12-22,5.375,0.19000244140625,,,,
2023-12-23,5.375,0.19000244140625,,,,
2023-12-24,5.375,0.19000244140625,,,,
2023-12-25,5.375,0.19000244140625,,,,
2023-12-26,5.375,0.17999267578125,,,,
2023-12-27,5.375,0.17999267578125,,,,
2023-12-28,5.375,0.17999267578125,,,,
2023-12-29,5.375,0.17999267578125,,,,
2023-12-30,5.375,0.17999267578125,,,,
2023-12-31,5.375,0.17999267578125,,,,
2024-01-01,5.375,0.17999267578125,0.0030543301526839706,0.0007520892829906423,0.011166291888706992,0.001627422061740269
2024-01-02,5.375,0.17999267578125,,,,
2024-01-03,5.375,0.19000244140625,,,,
2024-01-04,5.375,0.17999267578125,,,,
2024-01-05,5.375,0.17999267578125,,,,
2024-01-06,5.375,0.17999267578125,,,,
2024-01-07,5.375,0.17999267578125,,,,
2024-01-08,5.375,0.19000244140625,,,,
2024-01-09,5.375,0.19000244140625,,,,
2024-01-10,5.375,0.17999267578125,,,,
2024-01-11,5.375,0.17999267578125,,,,
2024-01-12,5.375,0.19000244140625,,,,
2024-01-13,5.375,0.19000244140625,,,,
2024-01-14,5.375,0.19000244140625,,,,
2024-01-15,5.375,0.19000244140625,,,,
2024-01-16,5.375,0.19000244140625,,,,
2024-01-17,5.375,0.19000244140625,,,,
2024-01-18,5.375,0.19000244140625,,,,
2024-01-19,5.375,0.17999267578125,,,,
2024-01-20,5.375,0.17999267578125,,,,
2024-01-21,5.375,0.17999267578125,,,,
2024-01-22,5.375,0.17999267578125,,,,
2024-01-23,5.375,0.17999267578125,,,,
2024-01-24,5.375,0.17999267578125,,,,
2024-01-25,5.375,0.17999267578125,,,,
2024-01-26,5.375,0.19000244140625,,,,
2024-01-27,5.375,0.19000244140625,,,,
2024-01-28,5.375,0.19000244140625,,,,
2024-01-29,5.375,0.17999267578125,,,,
2024-01-30,5.375,0.17999267578125,,,,
2024-01-31,5.375,0.17999267578125,,,,
2024-02-01,5.375,0.220001220703125,0.004420620953549559,0.005675846121505179,,0.0014978420919014024
2024-02-02,5.375,0.220001220703125,,,,
2024-02-03,5.375,0.220001220703125,,,,
2024-02-04,5.375,0.220001220703125,,,,
2024-02-05,5.375,0.209991455078125,,,,
2024-02-06,5.375,0.209991455078125,,,,
2024-02-07,5.375,0.209991455078125,,,,
2024-02-08,5.375,0.209991455078125,,,,
2024-02-09,5.375,0.20001220703125,,,,
2024-02-10,5.375,0.20001220703125,,,,
2024-02-11,5.375,0.20001220703125,,,,
2024-02-12,5.375,0.20001220703125,,,,
2024-02-13,5.375,0.19000244140625,,,,
2024-02-14,5.375,0.17999267578125,,,,
2024-02-15,5.375,0.17999267578125,,,,
2024-02-16,5.375,0.17999267578125,,,,
2024-02-17,5.375,0.17999267578125,,,,
2024-02-18,5.375,0.17999267578125,,,,
2024-02-19,5.375,0.17999267578125,,,,
2024-02-20,5.375,0.17999267578125,,,,
2024-02-21,5.375,0.17999267578125,,,,
2024-02-22,5.375,0.17999267578125,,,,
2024-02-23,5.375,0.19000244140625,,,,
2024-02-24,5.375,0.19000244140625,,,,
2024-02-25,5.375,0.19000244140625,,,,
2024-02-26,5.375,0.17999267578125,,,,
2024-02-27,5.375,0.17999267578125,,,,
2024-02-28,5.375,0.17999267578125,,,,
2024-02-29,5.375,0.17999267578125,,,,
2024-03-01,5.375,0.19000244140625,0.0037806940274036638,0.006673285953177288,,0.001964561839336909
2024-03-02,5.375,0.19000244140625,,,,
2024-03-03,5.375,0.19000244140625,,,,
2024-03-04,5.375,0.19000244140625,,,,
2024-03-05,5.375,0.19000244140625,,,,
2024-03-06,5.375,0.20001220703125,,,,
2024-03-07,5.375,0.19000244140625,,,,
2024-03-08,5.375,0.20001220703125,,,,
2024-03-09,5.375,0.20001220703125,,,,
2024-03-10,5.375,0.20001220703125,,,,
2024-03-11,5.375,0.19000244140625,,,,
2024-03-12,5.375,0.17999267578125,,,,
2024-03-13,5.375,0.17999267578125,,,,
2024-03-14,5.375,0.17999267578125,,,,
2024-03-15,5.375,0.17999267578125,,,,
2024-03-16,5.375,0.17999267578125,,,,
2024-03-17,5.375,0.17999267578125,,,,
2024-03-18,5.375,0.17999267578125,,,,
2024-03-19,5.375,0.17999267578125,,,,
2024-03-20,5.375,0.17999267578125,,,,
2024-03-21,5.375,0.17999267578125,,,,
2024-03-22,5.375,0.19000244140625,,,,
2024-03-23,5.375,0.19000244140625,,,,
2024-03-24,5.375,0.19000244140625,,,,
2024-03-25,5.375,0.17999267578125,,,,
2024-03-26,5.375,0.17999267578125,,,,
2024-03-27,5.375,0.170013427734375,,,,
2024-03-28,5.375,0.170013427734375,,,,
2024-03-29,5.375,0.170013427734375,,,,
2024-03-30,5.375,0.170013427734375,,,,
2024-03-31,5.375,0.170013427734375,,,,
2024-04-01,5.375,0.17999267578125,0.003129103545463252,0.002024533189366462,0.012733976592312235,0.0006830860308906228
2024-04-02,5.375,0.19000244140625,,,,
2024-04-03,5.375,0.17999267578125,,,,
2024-04-04,5.375,0.20001220703125,,,,
2024-04-05,5.375,0.19000244140625,,,,
2024-04-06,5.375,0.19000244140625,,,,
2024-04-07,5.375,0.19000244140625,,,,
2024-04-08,5.375,0.19000244140625,,,,
2024-04-09,5.375,0.17999267578125,,,,
2024-04-10,5.375,0.17999267578125,,,,
2024-04-11,5.375,0.17999267578125,,,,
2024-04-12,5.375,0.19000244140625,,,,
2024-04-13,5.375,0.19000244140625,,,,
2024-04-14,5.375,0.19000244140625,,,,
2024-04-15,5.375,0.19000244140625,,,,
2024-04-16,5.375,0.19000244140625,,,,
2024-04-17,5.375,0.17999267578125,,,,
2024-04-18,5.375,0.17999267578125,,,,
2024-04-19,5.375,0.17999267578125,,,,
2024-04-20,5.375,0.17999267578125,,,,
2024-04-21,5.375,0.17999267578125,,,,
2024-04-22,5.375,0.17999267578125,,,,
2024-04-23,5.375,0.17999267578125,,,,
2024-04-24,5.375,0.17999267578125,,,,
2024-04-25,5.375,0.19000244140625,,,,
2024-04-26,5.375,0.17999267578125,,,,
2024-04-27,5.375,0.17999267578125,,,,
2024-04-28,5.375,0.17999267578125,,,,
2024-04-29,5.375,0.17999267578125,,,,
2024-04-30,5.375,0.17999267578125,,,,
2024-05-01,5.375,0.19000244140625,5.7469979917623704e-05,0.004336180948779189,,0.0013652394857597283
2024-05-02,5.375,0.19000244140625,,,,
2024-05-03,5.375,0.19000244140625,,,,
2024-05-04,5.375,0.19000244140625,,,,
2024-05-05,5.375,0.19000244140625,,,,
2024-05-06,5.375,0.19000244140625,,,,
2024-05-07,5.375,0.17999267578125,,,,
2024-05-08,5.375,0.17999267578125,,,,
2024-05-09,5.375,0.17999267578125,,,,
2024-05-10,5.375,0.17999267578125,,,,
2024-05-11,5.375,0.17999267578125,,,,
2024-05-12,5.375,0.17999267578125,,,,
2024-05-13,5.375,0.19000244140625,,,,
2024-05-14,5.375,0.17999267578125,,,,
2024-05-15,5.375,0.19000244140625,,,,
2024-05-16,5.375,0.19000244140625,,,,
2024-05-17,5.375,0.19000244140625,,,,
2024-05-18,5.375,0.19000244140625,,,,
2024-05-19,5.375,0.19000244140625,,,,
2024-05-20,5.375,0.19000244140625,,,,
2024-05-21,5.375,0.17999267578125,,,,
2024-05-22,5.375,0.17999267578125,,,,
2024-05-23,5.375,0.19000244140625,,,,
2024-05-24,5.375,0.17999267578125,,,,
2024-05-25,5.375,0.17999267578125,,,,
2024-05-26,5.375,0.17999267578125,,,,
2024-05-27,5.375,0.17999267578125,,,,
2024-05-28,5.375,0.17999267578125,,,,
2024-05-29,5.375,0.17999267578125,,,,
2024-05-30,5.375,0.17999267578125,,,,
2024-05-31,5.375,0.17999267578125,,,,
2024-06-01,5.375,0.17999267578125,-0.0005618964003513138,0.0029711550365203454,,0.0011298365208609606
2024-06-02,5.375,0.17999267578125,,,,
2024-06-03,5.375,0.19000244140625,,,,
2024-06-04,5.375,0.19000244140625,,,,
2024-06-05,5.375,0.19000244140625,,,,
2024-06-06,5.375,0.20001220703125,,,,
2024-06-07,5.375,0.19000244140625,,,,
2024-06-08,5.375,0.19000244140625,,,,
2024-06-09,5.375,0.19000244140625,,,,
2024-06-10,5.375,0.17999267578125,,,,
2024-06-11,5.375,0.17999267578125,,,,
2024-06-12,5.375,0.17999267578125,,,,
2024-06-13,5.375,0.17999267578125,,,,
2024-06-14,5.375,0.17999267578125,,,,
2024-06-15,5.375,0.17999267578125,,,,
2024-06-16,5.375,0.17999267578125,,,,
2024-06-17,5.375,0.19000244140625,,,,
2024-06-18,5.375,0.17999267578125,,,,
2024-06-19,5.375,0.17999267578125,,,,
2024-06-20,5.375,0.17999267578125,,,,
2024-06-21,5.375,0.170013427734375,,,,
2024-06-22,5.375,0.170013427734375,,,,
2024-06-23,5.375,0.170013427734375,,,,
2024-06-24,5.375,0.17999267578125,,,,
2024-06-25,5.375,0.17999267578125,,,,
2024-06-26,5.375,0.170013427734375,,,,
2024-06-27,5.375,0.170013427734375,,,,
2024-06-28,5.375,0.170013427734375,,,,
2024-06-29,5.375,0.170013427734375,,,,
2024-06-30,5.375,0.170013427734375,,,,
2024-07-01,5.375,0.19000244140625,,,,0.0007187486208222182
2024-07-02,5.375,0.17999267578125,,,,
2024-07-03,5.375,0.17999267578125,,,,
2024-07-04,5.375,0.17999267578125,,,,
2024-07-05,5.375,0.19000244140625,,,,
2024-07-06,5.375,0.19000244140625,,,,
2024-07-07,5.375,0.19000244140625,,,,
2024-07-08,5.375,0.17999267578125,,,,
2024-07-09,5.375,0.17999267578125,,,,
2024-07-10,5.375,0.19000244140625,,,,
2024-07-11,5.375,0.17999267578125,,,,
2024-07-12,5.375,0.17999267578125,,,,
2024-07-13,5.375,0.17999267578125,,,,
2024-07-14,5.375,0.17999267578125,,,,
2024-07-15,5.375,0.17999267578125,,,,
2024-07-16,5.375,0.17999267578125,,,,
2024-07-17,5.375,0.17999267578125,,,,
2024-07-18,5.375,0.17999267578125,,,,
2024-07-19,5.375,0.17999267578125,,,,
2024-07-20,5.375,0.17999267578125,,,,
2024-07-21,5.375,0.17999267578125,,,,
2024-07-22,5.375,0.17999267578125,,,,
2024-07-23,5.375,0.17999267578125,,,,
2024-07-24,5.375,0.17999267578125,,,,
2024-07-25,5.375,0.17999267578125,,,,
2024-07-26,5.375,0.17999267578125,,,,
2024-07-27,5.375,0.17999267578125,,,,
2024-07-28,5.375,0.17999267578125,,,,
2024-07-29,5.375,0.17999267578125,,,,
2024-07-30,5.375,0.17999267578125,,,,
2024-07-31,5.375,0.17999267578125,,,,
2024-08-01,5.375,0.239990234375,,,,
2024-08-02,5.375,0.29998779296875,,,,
2024-08-03,5.375,0.29998779296875,,,,
2024-08-04,5.375,0.29998779296875,,,,
2024-08-05,5.375,0.329986572265625,,,,
2024-08-06,5.375,0.260009765625,,,,
2024-08-07,5.375,0.25,,,,
2024-08-08,5.375,0.230010986328125,,,,
2024-08-09,5.375,0.209991455078125,,,,
2024-08-10,5.375,0.209991455078125,,,,
2024-08-11,5.375,0.209991455078125,,,,
2024-08-12,5.375,0.220001220703125,,,,
2024-08-13,5.375,1.760009765625,,,,
